pdf_name,struct_score,image_score,ocr_similarity,ocr_error_ratio,font_anomaly_ratio,overlap_density,max_local_overlap,overlap_severity,ocr_layout_mismatch,font_ocr_mix,normalized_overlap,relative_ocr_drop,struct_text_conflict,image_text_conflict,ocr_noise_weighted,extreme_overlap_flag,cleanliness_score,tamper_signal,tamper_ratio,label
1e8c2332a461a3a142840fa477fa907c66c35dac.pdf,0.2125,0.3,0.7928927907194123,0.2064516129032258,0.0,1.1806451612903226,11,12.98709677419355,0.24374609781477627,0.0,0.09838709677419355,0.20710720928058768,0.005392790719412316,0.09289279071941231,0.4501977107180021,0,-0.14323224606544224,5.042615750198416,3.333960826577465,0
22ZOCVPAF2GSGXR357RM7UT4Z22RS2LH.pdf,0.075,0.7,0.8621399176954733,0.16666666666666666,0.125,0.0,2,0.0,0.0,0.020833333333333332,0.0,0.13786008230452673,0.06286008230452673,0.5621399176954732,0.16666666666666666,0,0.8621399176954733,1.8363168724279832,1.0345447168608357,0
2EDEPZ4VHTLPTWSZR6FAVUJ3B2ZVSIPS.pdf,0.1125,0.30000000000000004,0.92664197849496,0.043478260869565216,0.0,0.0,3,0.0,0.0,0.0,0.0,0.07335802150504,0.03914197849496,0.22664197849496004,0.043478260869565216,0,0.92664197849496,0.990766641421393,0.7014277107408092,0
2A2C2V4WI5YRDJHR26XUD4IAULIYGTMA.pdf,0.5,0.3,0.8641557545547908,0.13548387096774195,0.0,0.9870967741935484,8,7.896774193548387,0.133735691987513,0.0,0.10967741935483871,0.13584424544520923,0.36415575455479077,0.16415575455479076,0.26921956295525495,0,0.01115039683296507,4.494981103083848,2.497211723935471,0
2FDPTMT2NZDE6RIJSZZXGBMD7LYL7YHV.pdf,0.075,0.4,1.0,0.0,0.0,0.0,0,0.0,0.0,0.0,0.0,0.0,0.075,0.4,0.0,0,1.0,0.5125,0.34745762711864403,0
2ED27NR7CISW7J4PHXXBZ6OFPVDFHMFB.pdf,0.4,0.3,0.0,0.6529411764705882,0.0,1.1411764705882352,10,11.411764705882351,0.745121107266436,0.0,0.10374331550802139,1.0,0.6,0.7,1.3980622837370242,0,-0.0,9.01470588235294,5.302768166089965,0
2F73J4NP2YHKVISKHDIDJ7RGPDKTQZ7D.pdf,0.1125,0.3,0.05772193765358124,0.940959409594096,0.025830258302583026,0.6236162361623616,6,3.7416974169741697,0.5867975653926281,0.02430522460206152,0.08908803373748023,0.9422780623464188,0.8297780623464187,0.6422780623464188,1.5277569749867241,0,0.02172560015005641,8.309877664322723,5.883099231378918,0
2KH4X5DOMVDC44GAIAFOCYEKJMXGQH4T.pdf,0.1125,0.1,0.9521780996860094,0.027777777777777776,0.041666666666666664,0.6388888888888888,7,4.472222222222221,0.017746913580246913,0.0011574074074074073,0.0798611111111111,0.047821900313990584,0.06467809968600942,0.05217809968600942,0.045524691358024685,0,0.3438420915532812,2.704561272065227,2.230565997579568,0
2KPPNYIT75S3H25JKEWTMQ7WRNCCTMJM.pdf,0.0625,0.3,0.8581915336673361,0.1935483870967742,0.0,0.0,3,0.0,0.0,0.0,0.0,0.14180846633266386,0.07930846633266386,0.15819153366733613,0.1935483870967742,0,0.8581915336673361,1.494642133573595,1.0969850521641065,0
2KQDEYIMQDVT2DUARRCJV5HEUYY2HO7H.pdf,0.1375,0.3,0.5649868135770527,0.25,0.0,0.0,3,0.0,0.0,0.0,0.0,0.4350131864229473,0.2975131864229473,0.1350131864229473,0.25,0,0.5649868135770527,2.5263093389032627,1.7574325835848783,0
2QCQAIXCPZZPZPEEBHJT4WUB5BA42DCP.pdf,0.1125,0.1,0.9386347852644847,0.04225352112676056,0.0,0.4507042253521127,7,3.154929577464789,0.01904384050783575,0.0,0.056338028169014086,0.06136521473551526,0.05113478526448474,0.038634785264484744,0.061297361634596315,0,0.5155881214833085,2.295109646153369,1.8928739349718506,0
2QWDF5JK4N7WQ4NQRZRLF4CYOUF32WTR.pdf,0.1875,0.3,1.0,0.0,0.0,0.0,0,0.0,0.0,0.0,0.0,0.0,0.1875,0.3,0.0,0,1.0,0.58125,0.3907563025210084,0
2LVOKCURIEQKLK43I6T7QLYYQX3RQUXX.pdf,0.0625,0.3,1.0,0.0,0.0,0.0,0,0.0,0.0,0.0,0.0,0.0,0.0625,0.3,0.0,0,1.0,0.39375,0.2889908256880734,0
2REYVBYLIEUNFBZ5FULJCPTJCZHNOENV.pdf,0.0625,0.3,0.9512046009551455,0.048295454545454544,0.0,3.4176136363636362,18,61.51704545454545,0.16505520402892562,0.0,0.1798744019138756,0.048795399044854526,0.013704600955145474,0.25120460095514546,0.21335065857438018,0,-2.2996452142409907,10.02531820956848,7.358031713444756,0
23JCEIKVL65X2RGSARNY2VOUNXBTJ5AS.pdf,0.1,0,0.3412363257791935,0.6538018433179723,0.009216589861751152,2.939516129032258,21,61.729838709677416,1.9218610636242008,0.006025823440718639,0.13361436950146627,0.6587636742208065,0.5587636742208065,0.6587636742208065,2.5756629069421733,1,-0.6618333576604519,13.491798285145702,12.265271168314273,0
2UD7BSKC7GT3V7I6DK5NH5TFKJ6F3EXL.pdf,0.075,0.4,0.9051870888101091,0.046153846153846156,0.05169230769230769,6.643076923076923,54,358.72615384615386,0.306603550295858,0.0023857988165680473,0.12078321678321678,0.09481291118989088,0.019812911189890883,0.30518708881010914,0.35275739644970416,1,-5.108040371931508,22.10360920105165,14.985497763424847,0
2WE4HZPD57KVPL4RQKCB4PUG42SQ2RMJ.pdf,0.15,0.7,0.837395816713743,0.1519756838905775,0.06990881458966565,3.7750759878419453,20,75.5015197568389,0.5737197549911771,0.010624439907244019,0.17976552323056882,0.16260418328625703,0.012604183286257037,0.5373958167137429,0.7256954388817546,0,-2.323837023281603,11.916464865510473,6.441332359735392,0
2XP6SY3BBU24ICI4JSHCLNQKAKGVMMPG.pdf,0.475,0.1,1.0,0.0,0.0,0.0,0,0.0,0.0,0.0,0.0,0.0,0.475,0.1,0.0,0,1.0,0.8124999999999999,0.5158730158730157,0
2YS3ALM6OTD5ENWN4Z5LOBWG735756DX.pdf,0.1375,0.1,1.0,0.0,0.0,0.0,0,0.0,0.0,0.0,0.0,0.0,0.1375,0.1,0.0,0,1.0,0.30625,0.2474747474747475,0
2RE7KOL5KV5FFCUG6CYUVEFF4KIUZN2V.pdf,0.275,0.3,0.49405238895015563,0.5429447852760736,0.06646216768916155,5.293967280163599,46,243.52249488752557,2.874331928186985,0.03608528736497421,0.11263760170560849,0.5059476110498444,0.2309476110498444,0.20594761104984444,3.417276713463058,1,-2.1214447928386284,20.509254024775426,13.021748587159001,0
2Z5VOQ6G6CMR5GMVSAAXULXHXTMJPTM2.pdf,0.25,0.3,1.0,0.0,0.07102022867194371,58.0098944591029,464,26916.591029023748,0.0,0.0,0.12475246120237184,0.0,0.25,0.3,0.0,1,-57.0098944591029,186.40131926121373,120.25891565239596,0
2XJLJAFHRTLAIWFDDAVMV2U4QJMISM4P.pdf,0.125,0.3,0.7338395824198841,0.15306122448979592,0.030612244897959183,5.161989795918367,26,134.21173469387753,0.790100478967097,0.004685547688463141,0.19118480725623582,0.2661604175801159,0.14116041758011588,0.03383958241988411,0.9431617034568929,1,-3.054232853872553,15.430452064358452,10.828387413584878,0
2ZJG56HD3YEZGEQZL4RFOYNIMTZISHDX.pdf,0.125,0.1,0.590641924275439,0.4090909090909091,0.0,0.0,3,0.0,0.0,0.0,0.0,0.40935807572456095,0.28435807572456095,0.309358075724561,0.4090909090909091,0,0.590641924275439,3.027338613487797,2.471296827336977,0
32PQ6TLRU26TDGA4NLYBMYEHYGX3X7US.pdf,0.35,0.7,0.8602953486306338,0.17857142857142858,0.0,0.0,1,0.0,0.0,0.0,0.0,0.13970465136936616,0.21029534863063382,0.5602953486306338,0.17857142857142858,0,0.8602953486306338,1.7515762457438884,0.8544274369482383,0
35CQZCOMND26DXY46FVVS47WB2AL75OK.pdf,0.0,0.3,0.7138764988102677,0.21965317919075145,0.05202312138728324,0.9884393063583815,9,8.895953757225433,0.21711383607871965,0.01142704400414314,0.09884393063583816,0.2861235011897323,0.2861235011897323,0.013876498810267701,0.43676701526947104,0,0.008252907500696733,4.969354995748898,3.8225807659606903,0
35DKLURQRIKJHCGH3IP5TO2BTAOV4CBN.pdf,0.15,0.3,0.9090614700018068,0.059113300492610835,0.0,1.0295566502463054,9,9.266009852216749,0.060860491640175686,0.0,0.10295566502463054,0.09093852999819318,0.05906147000180681,0.2090614700018068,0.1199737921327865,0,-0.026868811921235636,4.036427286725041,2.7837429563620972,0
2c143c1675c174d0317c3a1f67b68b2b60047467.pdf,0.05,0.3,0.5146346663077231,0.4657534246575342,0.0350076103500761,3.9604261796042617,23,91.08980213089802,1.8445820562540396,0.016304914409624484,0.1650177574835109,0.48536533369227686,0.43536533369227687,0.18536533369227687,2.310335480911574,1,-1.523537939069287,14.396891337992718,10.66436395406868,0
37RZ6AARR76UDY2JH4LRVGQBIPYUQ2A2.pdf,0.1375,0.3,0.9245601786290615,0.028169014084507043,0.0,0.0,3,0.0,0.0,0.0,0.0,0.07543982137093852,0.06206017862906149,0.22456017862906147,0.028169014084507043,0,0.9245601786290615,0.9889526245257982,0.6879670431483814,0
37WOUPCWLZGR4AFDBNNHKUHNTVLYXVLD.pdf,0.1375,0.1,0.014483197369166574,0.9773584905660377,0.018867924528301886,0.3849056603773585,4,1.539622641509434,0.3761908152367391,0.01844072623709505,0.0769811320754717,0.9855168026308334,0.8480168026308335,0.8855168026308334,1.3535493058027768,0,0.008908532721411892,7.970085045801015,6.440472764283648,0
3EG2SKQ4OJ5RGGAPXC4LPRAYJJJNH2XO.pdf,0.15,0.1,0.840209176276751,0.14705882352941177,0.08823529411764706,0.0,3,0.0,0.0,0.012975778546712804,0.0,0.15979082372324904,0.009790823723249048,0.05979082372324904,0.14705882352941177,0,0.840209176276751,1.3440587067546206,1.0752469654036965,0
3G2C6NNZ42WCE3GQ2SREVI2FQIJMQTVT.pdf,0.2,0.3,0.41791419509610817,0.5970149253731343,0.0,0.0,7,0.0,0.0,0.0,0.0,0.5820858049038918,0.3820858049038918,0.28208580490389185,0.5970149253731343,0,0.41791419509610817,4.561923435500348,3.0412822903335655,0
2a85b52768ea5761b773be49b09d15f0b95415b0.pdf,0.125,0.1,0.5014516503066119,0.49057920446615494,0.0006978367062107466,8.487090020935101,41,347.97069085833914,4.163589870702984,0.00034234417618014996,0.2020735719270262,0.4985483496933881,0.3735483496933881,0.39854834969338815,4.654169075169139,1,-3.7544136469920715,26.307642381715155,21.475626434053186,0
3HYJT3CPUFRXVQSY3IJIK5ERD4XWBDUQ.pdf,0.1375,0.3,1.0,0.0,0.0,0.0,0,0.0,0.0,0.0,0.0,0.0,0.1375,0.3,0.0,0,1.0,0.50625,0.3521739130434782,0
3I2DH7KNN6KICUFNT6P4MKHUAPPBJD2Y.pdf,0.3125,0.1,0.40337592150830814,0.4,0.03636363636363636,0.0,2,0.0,0.0,0.014545454545454545,0.0,0.5966240784916919,0.28412407849169186,0.4966240784916919,0.4,0,0.40337592150830814,3.470603807758068,2.457064642660579,0
3IFL3YAHHYK5PMUEVWZZ2PHZ7TYPPTET.pdf,0.1125,0.3,0.04237835649828627,0.9562043795620438,0.021897810218978103,0.0,3,0.0,0.0,0.02093878203420534,0.0,0.9576216435017137,0.8451216435017137,0.6576216435017137,0.9562043795620438,0,0.04237835649828627,6.713905059991289,4.753207122117726,0
3HATKPN6TVEYUNQ6PK5MYH6VA6VX6ECE.pdf,0.325,0.3,0.9341518125179189,0.05819295558958652,0.08269525267993874,2.9601837672281777,11,32.562021439509955,0.17226184250332427,0.004812281166673311,0.24668198060234814,0.0658481874820811,0.2591518125179189,0.2341518125179189,0.2304547980929108,0,-1.8311092190244047,8.59446870870919,5.288903820744117,0
3KT2OE6FWFEQPKT754Z3YHJQ3XTLPQZS.pdf,0.1125,0.1,0.9419920559283169,0.04,0.13333333333333333,0.38666666666666666,6,2.32,0.015466666666666667,0.005333333333333333,0.05523809523809524,0.05800794407168308,0.05449205592831692,0.041992055928316924,0.05546666666666667,0,0.5777551276360343,2.213079361297492,1.8252200917917458,0
3KYS5FP4VPQMHQKSV6PY3UOXQILNMOPO.pdf,0.35,0.3,0.900053164714124,0.09821428571428571,0.0,0.8392857142857143,10,8.392857142857142,0.08242984693877552,0.0,0.0762987012987013,0.099946835285876,0.250053164714124,0.200053164714124,0.18064413265306123,0,0.14465140147191277,4.199133725214204,2.5449295304328508,0
35REBWQXW3JLUKC6DAANAQ2P3RI5B6A6.pdf,0.5,0.3,0.298492392640875,0.6982281284606866,0.03986710963455149,3.8361018826135105,29,111.2469545957918,2.678474238081748,0.027836337347269896,0.12787006275378368,0.701507607359125,0.20150760735912499,0.401507607359125,3.3767023665424345,1,-0.8465548367145967,15.934358983946629,8.852421657748128,0
2G54QACZZK5MIIKK25USTLNPN66FST63.pdf,0.1625,0.5,0.0012796342833178327,0.9986636120656739,0.028445971744940818,1.7233676975945018,21,36.19072164948454,1.7210646097970292,0.0284079568915207,0.07833489534520463,0.9987203657166822,0.8362203657166822,0.4987203657166822,2.7197282218627032,1,-0.000925646105286611,12.886555028695671,7.751311295456042,0
3KF674T52XCSSWUXJN6WRXYXLXBCQI3P.pdf,1.0,0.3,1.0,0.0,0.047323977887127146,106.74053824190511,843,89982.273737926,0.0,0.0,0.12646983204017193,0.0,1.0,0.3,0.0,1,-105.74053824190511,341.8020624506409,148.60959236984388,0
3OHZBJVNLM4IAL6GLY3AKUQIVCNLPJLO.pdf,0.0,0.5,0.17363317209140958,0.7608695652173914,0.0,1.393719806763285,20,27.874396135265698,1.0604389834068473,0.0,0.06636760984587071,0.8263668279085904,0.8263668279085904,0.3263668279085904,1.8213085486242386,0,-0.06836281896352599,10.908264252158705,7.272176168105804,0
3SX4ZUITX7U6NVFXAEJBBJXEQ76IJFKV.pdf,0.1125,0.1,0.902757445147605,0.07563025210084033,0.01680672268907563,0.6638655462184874,9,5.974789915966387,0.050208318621566266,0.001271096673963703,0.06638655462184874,0.09724255485239497,0.015257445147605034,0.0027574451476050366,0.1258385707224066,0,0.30344788072188406,3.1121455292964915,2.5667179623063845,0
3PILGMQ4BBDRSLAPZCPVAHBNX53K2NUJ.pdf,0.0125,0.3,0.0646605402606516,0.9350180505415162,0.09025270758122744,0.5956678700361011,5,2.9783393501805056,0.5569602106113725,0.08438791069869281,0.09927797833935019,0.9353394597393484,0.9228394597393484,0.6353394597393485,1.4919782611528887,0,0.0261443339682057,8.304537496624903,6.3272666640951645,0
3P5D3UKXU2R6I2TK4OJSLL6LGIQJ4NY5.pdf,0.0125,0.3,0.00022160664819944597,0.6225425950196593,0.0,0.5963302752293578,5,2.9816513761467887,0.371240997030072,0.0,0.09938837920489296,0.9997783933518005,0.9872783933518006,0.6997783933518005,0.9937835920497312,0,8.945589468601489e-05,7.679269808090965,5.850872234735974,0
3ZVA64MJREBJXFOQOIXK6WJVPBWFJF7L.pdf,0.35,0.3,0.28737395096952484,0.671875,0.125,0.125,2,0.25,0.083984375,0.083984375,0.041666666666666664,0.7126260490304752,0.36262604903047524,0.41262604903047523,0.755859375,0,0.2514522070983342,4.7990047206371385,2.9084877094770536,0
3fd6a0981cec7cf21e133249fea7e0e4474ec88d.pdf,0.05,0.3,0.7595377854588167,0.23076923076923078,0.06227106227106227,1.8571428571428572,13,24.142857142857142,0.4285714285714286,0.01437024513947591,0.1326530612244898,0.24046221454118333,0.19046221454118334,0.05953778545881666,0.6593406593406594,0,-0.6510323875361286,7.160770920968343,5.3042747562728465,0
43QM3XC3PVX5LLMG2IHDTOMSCNYZYA7Y.pdf,0.2625,0.5,0.944486123073665,0.04054054054054054,0.0,0.5540540540540541,8,4.4324324324324325,0.02246165084002922,0.0,0.06156156156156156,0.055513876926335026,0.20698612307366498,0.444486123073665,0.06300219138056976,0,0.42118975758690463,3.2754525209962924,1.8584127778702368,0
44CC3S6FHPO5OFLW26RYVMNN3CLMBFU5.pdf,0.0125,0.3,0.043196307531876574,0.9558823529411765,0.022058823529411766,0.0,4,0.0,0.0,0.02108564013840831,0.0,0.9568036924681235,0.9443036924681235,0.6568036924681235,0.9558823529411765,0,0.043196307531876574,7.0096607337536145,5.340693892383706,0
44PBM3B5SUUOF74NERNZAUH2PBBU5SPB.pdf,0.0,0.1,0.6620267735283024,0.3356643356643357,0.03496503496503497,0.3006993006993007,9,2.7062937062937062,0.10093403100396107,0.01173651523301873,0.030069930069930067,0.3379732264716976,0.3379732264716976,0.23797322647169758,0.4365983666682967,0,0.4629557856841276,4.263886512129632,3.876260465572393,0
3WVRGDKMXZRPVBBNRYOLXY3J3VIZROXI.pdf,0.2875,0.3,0.38313110895821034,0.5972952667167544,0.09166040570999248,3.7129977460555974,25,92.82494365138993,2.217755979048986,0.054748326475915876,0.14280760561752298,0.6168688910417897,0.3293688910417897,0.31686889104178967,2.81505124576574,1,-1.0394338350474062,14.851384277156123,9.355202694271574,0
3XSJWLQUWUFRCZDJZ2RLJ6KMMDBJZG4D.pdf,0.3,0.7,0.26687633714001496,0.734472049689441,0.02562111801242236,2.4627329192546585,16,39.40372670807454,1.8088084950426297,0.018817995061918908,0.14486664230909757,0.7331236628599851,0.4331236628599851,0.03312366285998514,2.5432805447320708,0,-0.39036880370480453,11.349134122621487,5.674567061310744,0
44fd6224a81709051890169e2533ac5fd75cd93a.pdf,0.075,0.7,0.7581341873161989,0.2237960339943343,0.014164305949008499,2.9801699716713883,18,53.64305949008499,0.6669502202890643,0.0031699154956704575,0.15685105114059938,0.24186581268380114,0.16686581268380113,0.4581341873161988,0.8907462542833986,0,-1.5012345522210284,10.433241018961628,5.877882264203734,0
46KXLWATPXX7EE6CIIN3H4KUPVN3RX75.pdf,0.2,0.1,0.835565906988294,0.09917355371900827,0.04132231404958678,0.38016528925619836,8,3.041322314049587,0.0377023427361519,0.004098080732190424,0.04224058769513315,0.16443409301170597,0.03556590698829404,0.06443409301170597,0.13687589645516018,0,0.5179127522654714,2.716899073401856,2.0899223641552735,0
45W73IZ4UHYYGASU2Y4JO6Q7SC56OPTI.pdf,0.1125,0.3,0.9042352002523218,0.0867579908675799,0.0684931506849315,0.5616438356164384,5,2.808219178082192,0.048727090761243506,0.005942328141615062,0.09360730593607307,0.09576479974767815,0.01673520025232185,0.20423520025232184,0.13548508162882342,0,0.39637707408320955,2.613789974555385,1.8504707784462902,0
46ZGYJDQNL2COPU447ILTCZ6EUMSQOHA.pdf,0.05,0.1,0.439144011479639,0.3969335604770017,0.015332197614991482,2.504258943781942,26,65.1107325383305,0.9940244189117419,0.006085863789255562,0.09275033125118304,0.560855988520361,0.510855988520361,0.460855988520361,1.3909579793887434,1,-0.6605863068765268,12.272702033520499,10.671914811756954,0
46QMULSFORX2CQ75FYZAEACXSD7AJKPG.pdf,0.35,0.3,0.03429669652246437,0.9706422018348624,0.0,1.1889908256880735,7,8.322935779816515,1.1540846730073226,0.0,0.14862385321100918,0.9657033034775356,0.6157033034775357,0.6657033034775357,2.1247268748421853,0,-0.00648176099415382,9.375252021612212,5.681970922189219,0
4C5BLCGBSAKXLBL674TCFLMNISKMFTF7.pdf,0.15,0.3,0.9874050124363113,0.0,0.09433962264150944,0.0,1,0.0,0.0,0.0,0.0,0.012594987563688709,0.13740501243631129,0.2874050124363113,0.0,0,0.9874050124363113,0.8102119401804198,0.5587668552968412,0
4GJOQXDXU2XKJOU5NUAAVWW7LS4LSYA7.pdf,0.0,0.1,0.8654691351949262,0.06315789473684211,0.0,0.5157894736842106,6,3.0947368421052635,0.032576177285318565,0.0,0.0736842105263158,0.1345308648050738,0.1345308648050738,0.03453086480507381,0.09573407202216067,0,0.4190692654628063,2.5948625758333588,2.358965978030326,0
4CWINULHRRVWF33LXZE4U5EEHETC2SI6.pdf,0.125,0.1,0.7716478487996185,0.23255813953488372,0.11627906976744186,0.6124031007751938,9,5.511627906976744,0.14241932576167296,0.02704164413196322,0.06124031007751938,0.22835215120038155,0.10335215120038155,0.12835215120038154,0.3749774652965567,0,0.29908831348822423,4.070704835440476,3.323024355461613,0
4J72NV3NRCPTITE2IIE2CG2NMBSSLM67.pdf,0.0625,0.7,0.6831824812975811,0.15819209039548024,0.01694915254237288,0.847457627118644,7,5.932203389830509,0.13406109355549173,0.0026812218711098346,0.1059322033898305,0.3168175187024189,0.2543175187024189,0.38318248129758103,0.29225318395097194,0,0.10421427680810562,4.564113005795595,2.589567662862749,0
4JIOYSGO26FIUJU47G4MCVYSZUGX7EAE.pdf,0.1125,0.3,0.9539782774806846,0.03636363636363636,0.16363636363636364,0.4727272727272727,5,2.3636363636363638,0.017190082644628096,0.0059504132231404955,0.07878787878787878,0.046021722519315356,0.06647827748068465,0.25397827748068463,0.05355371900826446,0,0.5030067281261792,2.477557320558524,1.7540228818113444,0
4L35CSXFUATM7UTMSDUPULOT54HTIGRP.pdf,0.3125,0.3,0.35501088945184534,0.6444444444444445,0.14444444444444443,0.1,4,0.4,0.06444444444444446,0.09308641975308642,0.02,0.6449891105481547,0.33248911054815466,0.3449891105481547,0.708888888888889,0,0.31950980050666083,4.761478775244474,2.9528550544151777,0
4JVIYSW2MHWPE5BXGXLAXTNMHGHJFPUP.pdf,0.2,0.7,0.6167866845401985,0.35674157303370785,0.008426966292134831,1.154494382022472,10,11.54494382022472,0.4118561419012751,0.003006249210958212,0.10495403472931564,0.38321331545980153,0.18321331545980152,0.3167866845401984,0.768597714934983,0,-0.09529007766772736,6.071516434716919,3.195534965640484,0
4LRW52I7I5ZTB2VO2BGAW4YQUNGJXAP2.pdf,0.2,0.30000000000000004,0.7615085847635001,0.15625,0.005681818181818182,1.4147727272727273,11,15.5625,0.22105823863636365,0.000887784090909091,0.11789772727272728,0.23849141523649986,0.03849141523649985,0.061508584763500185,0.37730823863636365,0,-0.31585299254395177,5.474921719909432,3.6499478132729544,0
4MXIGGV3UCFRYPPPQ4LGGB27K42PFGQV.pdf,0.1125,0.7,0.9230342350725964,0.06521739130434782,0.06521739130434782,0.10869565217391304,5,0.5434782608695652,0.007088846880907372,0.004253308128544423,0.018115942028985508,0.07696576492740359,0.03553423507259641,0.6230342350725964,0.0723062381852552,0,0.8227044269125315,2.058527987101516,1.1357395790904916,0
4BYJ3SJ7LQLUQONSHK7CN7NJFWKW62CX.pdf,0.4125,0.3,1.0,0.0,0.10959329400807202,104.48178619476353,447,46703.3584290593,0.0,0.0,0.2332182727561686,0.0,0.4125,0.3,0.0,1,-103.48178619476353,277.0967123305392,161.80829917111777,0
4NULTK4K27CEH4E6TCVCEHXAWVJJMWSX.pdf,0.1125,0.1,0.9478199034979082,0.04411764705882353,0.08823529411764706,0.27941176470588236,6,1.6764705882352942,0.012326989619377164,0.0038927335640138415,0.039915966386554626,0.052180096502091766,0.06031990349790824,0.04781990349790824,0.05644463667820069,0,0.6829878716381986,1.9441305399842483,1.6034066309148438,0
4RPOXAYQCNHNFQZMBDNNZAZUSVYDBPQJ.pdf,0.35,0.3,0.7952152860873923,0.1927710843373494,0.0,0.43373493975903615,8,3.4698795180722892,0.08361155465234432,0.0,0.04819277108433735,0.20478471391260766,0.14521528608739231,0.09521528608739233,0.27638263898969373,0,0.4503026318808125,3.2720052334051424,1.9830334747909952,0
4VMUKG4TIVAVUP5H4SRGXIJZUWERU7I2.pdf,0.0125,0.3,0.947849171442297,0.01818181818181818,0.07272727272727272,0.5363636363636364,2,1.0727272727272728,0.009752066115702479,0.0013223140495867767,0.1787878787878788,0.05215082855770303,0.039650828557703036,0.24784917144229696,0.02793388429752066,0,0.43945734312324675,1.938899798666985,1.4772569894605598,0
4UCZ4AEHAQQE2MYSFOGR6GRRPKNIAFCW.pdf,0.0625,0.3,0.7176327307030754,0.26714801444043323,0.036101083032490974,1.5776173285198556,9,14.1985559566787,0.4214573368609001,0.009644332651279178,0.15776173285198555,0.2823672692969246,0.21986726929692457,0.017632730703075417,0.6886053513013334,0,-0.4145171007671194,6.139424490931843,4.505999626371994,0
50e0b81c3fa67c109bf639a3b90c5850974f7697.pdf,0.15,0.3,0.8175175706209223,0.18181818181818182,0.020202020202020204,0.7272727272727273,10,7.272727272727273,0.1322314049586777,0.0036730945821854917,0.06611570247933884,0.18248242937907766,0.032482429379077665,0.11751757062092233,0.3140495867768595,0,0.22295933744206972,3.9706000128416337,2.738344836442506,0
53MPVZWCXMT55PDT4CQCJ2MN5JAKIAGV.pdf,0.075,0.1,0.7316544587299183,0.17391304347826086,0.08695652173913043,0.0,4,0.0,0.0,0.015122873345935726,0.0,0.2683455412700817,0.1933455412700817,0.1683455412700817,0.17391304347826086,0,0.7316544587299183,2.1602723270197153,1.838529640016779,0
4WDM523HPSRSKBCVFVEJGLJ43DYOQRKO.pdf,0.5,0.1,0.9151996192687214,0.08333333333333333,0.0125,2.1625,17,36.7625,0.18020833333333333,0.0010416666666666667,0.12013888888888889,0.0848003807312786,0.4151996192687214,0.015199619268721404,0.2635416666666667,0,-1.0639195573998887,7.909683142967693,4.943551964354808,0
5DRAZXKISWU5KHFNDUABKC7KUKS6IXDK.pdf,0.05,0.3,0.8783081422802366,0.10362694300518134,0.0051813471502590676,0.48186528497409326,6,2.8911917098445596,0.049934226422185826,0.0005369271658299551,0.0688378978534419,0.12169185771976343,0.07169185771976343,0.17830814228023656,0.15356116942736717,0,0.45508193900530397,2.659799592485937,1.9702219203599531,0
5EAVIV25ANDVUI4BBJQE6S5KDAECENZZ.pdf,0.1125,0.3,0.9411676359825778,0.045454545454545456,0.10606060606060606,0.25757575757575757,3,0.7727272727272727,0.011707988980716254,0.0048209366391184574,0.06439393939393939,0.0588323640174222,0.0536676359825778,0.2411676359825778,0.05716253443526171,0,0.6987456691385805,1.6772126058700767,1.1874071545982843,0
5F7F36M3NZCHDTIFIVI5JQRBDYNY6KJL.pdf,0.025,0.3,0.769643842949506,0.06666666666666667,0.0,0.0,3,0.0,0.0,0.0,0.0,0.23035615705049395,0.20535615705049395,0.06964384294950604,0.06666666666666667,0,0.769643842949506,1.4550570592929015,1.098156271164454,0
3RCHLDD2YCPDNLHEV4AVKEPBYJP5UBZB.pdf,0.175,0.1,1.0,0.0,0.05681256792807035,30.392056120936665,243,7385.26963738761,0.0,0.0,0.12455760705301912,0.0,0.175,0.1,0.0,1,-29.392056120936665,97.68183109376544,76.61320085785523,0
5IPJIVPM6LCPD36Z6TPNZNJQJNATZVNV.pdf,0.15,0.1,0.7118091721954557,0.2804878048780488,0.012195121951219513,0.8048780487804879,6,4.829268292682928,0.22575847709696611,0.0034205829863176683,0.11498257839721256,0.2881908278045443,0.1381908278045443,0.1881908278045443,0.506246281975015,0,0.13888959457472302,4.201127017803376,3.360901614242701,0
5JWNPTKTIAPTHTEGVKW7WVNBDBKQMRJO.pdf,0.15,0.1,1.0,0.0,0.0,0.0,0,0.0,0.0,0.0,0.0,0.0,0.15,0.1,0.0,0,1.0,0.32499999999999996,0.25999999999999995,0
5LJK3WBGEWURVXHBKF7FQP32FD7C7FQO.pdf,0.0125,0.3,0.2819950270586514,0.7160493827160493,0.04938271604938271,0.0,2,0.0,0.0,0.03536046334400243,0.0,0.7180049729413486,0.7055049729413486,0.4180049729413486,0.7160493827160493,0,0.2819950270586514,5.0764699091002665,3.8677865974097267,0
5IXFUAXPIWSNS4I6KSOJCGHEFEEBY5IE.pdf,0.625,0.5,0.8927422370885525,0.10038610038610038,0.019305019305019305,2.9305019305019306,14,41.02702702702703,0.29418166097702775,0.0019379556059092736,0.19536679536679538,0.10725776291144751,0.5177422370885525,0.3927422370885525,0.39456776136312816,0,-1.723440612140063,9.624797759470916,4.529316592692195,0
5LSCLZ4YEU5LZUAPARZB6QKKYSPSLW26.pdf,0.1125,0.1,0.9142473778718561,0.06666666666666667,0.06666666666666667,0.0,3,0.0,0.0,0.0044444444444444444,0.0,0.08575262212814394,0.026747377871856062,0.014247377871856065,0.06666666666666667,0,0.9142473778718561,0.9425403556025945,0.7773528706000778,0
5PFVA6CO2FP66IJYJJ4YMWOLK5EHRCCD.pdf,0.1125,0.1,0.9633695653289034,0.029850746268656716,0.11940298507462686,0.34328358208955223,6,2.0597014925373136,0.010247271107150813,0.0035642682111828913,0.04904051172707889,0.03663043467109661,0.07586956532890339,0.0633695653289034,0.040098017375807524,0,0.6326606100667426,2.0907332901271385,1.7243161155687738,0
5SMHFLT35YOIS6UTY6OKBZYRZSTDMG2Q.pdf,0.1375,0.3,0.8725826044703595,0.08045977011494253,0.0,0.27586206896551724,3,0.8275862068965517,0.022195798652397937,0.0,0.06896551724137931,0.1274173955296405,0.010082604470359524,0.1725826044703595,0.10265556876734047,0,0.6318701618578465,1.6454148654535707,1.1446364281416144,0
5M56W5BE4HY6J3WK2TN3HZJ6N3ZMYTJ4.pdf,0.0625,0.3,0.30711398315770677,0.6917562724014337,0.05197132616487455,0.04659498207885305,4,0.1863799283154122,0.03223237111547899,0.035951490859572714,0.00931899641577061,0.6928860168422932,0.6303860168422932,0.39288601684229324,0.7239886435169127,0,0.29280401261630823,5.224774710198923,3.8346970350083835,0
5WZLEVFSNHYXSOEJSBBALIZP2REQ5BWL.pdf,0.1375,0.3,0.871524802481693,0.125,0.0,0.03125,1,0.03125,0.00390625,0.0,0.015625,0.12847519751830705,0.009024802481692962,0.17152480248169294,0.12890625,0,0.84428965240414,0.9670124012408465,0.6727042791240672,0
5f1daaa6087c0d2d803b23997270dc8d79a1eb40.pdf,0.15,0.7,1.0,0.0,0.039582583663188196,8.07808564231738,58,468.52896725440803,0.0,0.0,0.13691670580198947,0.0,0.15,0.7,0.0,1,-7.0780856423173795,25.84054516012954,13.96786224871867,0
5WEKPBBWFKF47XDYW5QBC36KFVBYJFE5.pdf,0.125,0.1,0.005167464114832536,0.9952153110047847,0.046251993620414676,0.001594896331738437,3,0.004784688995215311,0.0015872652488114589,0.046030692215532305,0.00039872408293460925,0.9948325358851675,0.8698325358851675,0.8948325358851675,0.9968025762535961,0,0.005159222545271399,7.199852472089314,5.877430589460665,0
65UHUSAELNKVXUYGUXKY2JQLAKWINVC2.pdf,0.1375,0.1,0.6751342347638645,0.31851851851851853,0.07407407407407407,0.4444444444444444,4,1.7777777777777777,0.14156378600823044,0.023593964334705075,0.08888888888888888,0.32486576523613553,0.18736576523613552,0.22486576523613552,0.460082304526749,0,0.3750745748688136,3.5519422398589064,2.8702563554415406,0
5CCWTN5UI7YVM55N2H5CXFYZ44PMKUB4.pdf,0.0,0.3,0.0004683077270048449,0.8765723270440252,0.0625,2.2138364779874213,23,50.91823899371069,1.940587793204383,0.054785770440251576,0.09224318658280922,0.9995316922729952,0.9995316922729952,0.6995316922729953,2.817160120248408,1,-0.0005684490019618558,14.360746388813384,11.04672799139491,0
6A2V6MYYSW4C6QUKXJX7BEGNPYKZGV6O.pdf,0.125,0.3,0.9221118414099762,0.06358381502890173,0.0953757225433526,5.005780346820809,13,65.07514450867052,0.3182866116475659,0.006064352300444384,0.3575557390586292,0.07788815859002385,0.04711184140997615,0.22211184140997614,0.3818704266764676,0,-3.6937774918908293,12.712139735733889,8.920799814550097,0
6AVXT3OLPGYVAG7L4CBYJHXLAXJE4V6F.pdf,0.1125,0.30000000000000004,0.9006873481122898,0.09302325581395349,0.0,0.0,2,0.0,0.0,0.0,0.0,0.09931265188771021,0.01318734811228979,0.20068734811228983,0.09302325581395349,0,0.9006873481122898,0.9516518135910287,0.6737357972325866,0
6C5QST2YJX7GA4BOHPZK66SWOSEATYGO.pdf,0.1125,0.1,0.9409172069967491,0.041666666666666664,0.0,0.0,3,0.0,0.0,0.0,0.0,0.05908279300325092,0.05341720699674908,0.040917206996749084,0.041666666666666664,0,0.9409172069967491,0.7933752701650411,0.6543301197237451,0
4P4SBCDNQWWUH5CI2KLPHVFIUV54ODLT.pdf,0.25,0.3,1.0,0.0,0.03306330067822155,120.85550113036925,761,91971.036360211,0.0,0.0,0.15860301985612762,0.0,0.25,0.3,0.0,1,-119.85550113036925,356.58559721175584,230.0552240075844,0
6C4F5OS4HOEBDQEKSVUX42XOMOJG3BNW.pdf,0.1,0.3,0.8450386334994784,0.11009174311926606,0.0779816513761468,1.1743119266055047,8,9.394495412844037,0.12928204696574364,0.008585135931318913,0.1304791029561672,0.1549613665005216,0.05496136650052161,0.14503863349947838,0.2393737900850097,0,-0.14730031226137702,4.478229104324699,3.198735074517642,0
6F47YISD72RZCG6OYZQCQLCYJX5E7MBK.pdf,0.1,0.1,0.6550748164946303,0.15186915887850466,0.0397196261682243,2.1845794392523366,14,30.58411214953271,0.33177024194252774,0.006032186217136867,0.1456386292834891,0.3449251835053697,0.2449251835053697,0.2449251835053697,0.4836394008210324,0,-0.7759881587915364,8.210574540727434,6.842145450606194,0
6LM5MPDEKTK4FAVUBSU5HZOLO33XZOV6.pdf,0.1125,0.3,0.9260664599198276,0.05,0.15,0.15,4,0.6,0.0075,0.0075,0.03,0.07393354008017239,0.038566459919827614,0.2260664599198276,0.057499999999999996,0,0.7871564909318535,1.6817832299599138,1.1906429946618857,0
6G5OZCK6EQTZ35IQ7FV4UW64WVMWAW4T.pdf,0.125,0.5,0.0,0.77,0.025,0.265,4,1.06,0.20405,0.019250000000000003,0.053000000000000005,1.0,0.875,0.5,0.9740500000000001,0,0.0,6.905,4.24923076923077,0
6GHFGNIZJZWEVRNG4J5ILE62VJ3PUURO.pdf,0.0625,0.3,0.70935432241406,0.2900763358778626,0.0,0.7633587786259542,8,6.106870229007634,0.22143231746401726,0.0,0.08481764206955048,0.29064567758593995,0.22814567758593995,0.009354322414060035,0.5115086533418798,0,0.1678624732430218,4.384772590911415,3.2181817181001207,0
6MPUNFSLSFKNLOGE2I6WRELWSJOF27UK.pdf,0.125,0.3,0.6480841856641504,0.3333333333333333,0.08333333333333333,0.0,1,0.0,0.0,0.027777777777777776,0.0,0.3519158143358496,0.22691581433584962,0.05191581433584963,0.3333333333333333,0,0.6480841856641504,2.2044544978446567,1.546985612522566,0
6OV4KF7OC77SI4QQ6W5MKPRKLFKJFMSA.pdf,0.5125,0.3,0.9981882327620241,0.0,0.0,0.0,3,0.0,0.0,0.0,0.0,0.0018117672379759364,0.510688232762024,0.29818823276202405,0.0,0,0.9981882327620241,1.517844116381012,0.8374312366240065,0
64PJRWTXR43NVMTQCZGEFDUZA3JMJTD7.pdf,0.45,0.3,0.1688981661695663,0.7439353099730458,0.017070979335130278,0.779874213836478,18,14.037735849056604,0.5801759650104257,0.012699704303223602,0.04104601125455148,0.8311018338304337,0.38110183383043367,0.5311018338304336,1.3241112749834716,0,0.03717884160965295,8.910151423845218,5.091515099340124,0
6QJJJ7KLDUS7SZA75TV36J7KF4BXERLH.pdf,0.1125,0.3,0.043859649122807015,0.9299363057324841,0.0,0.0,3,0.0,0.0,0.0,0.0,0.956140350877193,0.8436403508771929,0.656140350877193,0.9299363057324841,0,0.043859649122807015,6.608722343278578,4.678741481967135,0
6RZXET5EGN7QMGM5PROIXJI447YTCETZ.pdf,0.54,0.7,0.9284240830504181,0.061611374407582936,0.03317535545023697,0.909952606635071,7,6.369668246445498,0.0560634307405494,0.002043979245749197,0.11374407582938388,0.07157591694958187,0.46842408305041816,0.6284240830504181,0.11767480514813235,0,0.08360216861591446,4.547908723989663,2.0303163946382425,0
6REZDVWAZINCN3EC63464SLUVI2QJHJW.pdf,0.125,0.1,0.09743520126285687,0.8981042654028436,0.0924170616113744,0.0,5,0.0,0.0,0.08300015722917274,0.0,0.9025647987371431,0.7775647987371431,0.8025647987371431,0.8981042654028436,0,0.09743520126285687,6.907927850241315,5.639124775707195,0
6X3XULQL4IDEVAAER5F2M3RJGJS2REAH.pdf,0.1125,0.1,0.9288361302536864,0.049019607843137254,0.00980392156862745,0.8235294117647058,8,6.588235294117647,0.040369088811995385,0.00048058439061899266,0.0915032679738562,0.07116386974631361,0.04133613025368639,0.028836130253686393,0.08938869665513263,0,0.16391225828006234,3.217481790617039,2.653593229374877,0
6RWOLVNDX4CTI4PAGDGMWC3FFBTVW3TK.pdf,0.475,0,0.3912454536596263,0.6155507559395248,0.01079913606911447,0.27645788336933047,12,3.3174946004319654,0.17017385909343236,0.0066474163708372,0.021265991028410036,0.6087545463403736,0.13375454634037365,0.6087545463403736,0.7857246150329572,0,0.28308256366301254,5.934886819222825,4.0236520808290335,0
6X7DGVAM2PXFTZ3B6YQOHRCZ3VVBS5LO.pdf,0.1125,0.1,0.9575912141717149,0.03125,0.09375,0.359375,6,2.15625,0.01123046875,0.0029296875,0.05133928571428571,0.04240878582828511,0.07009121417171489,0.057591214171714894,0.04248046875,0,0.6134568715787548,2.0850456070858576,1.7196252429574082,0
6Z3CUWVPRPVEBPROWQCD6EZJ22CLL5OY.pdf,0.0125,0.3,0.06472694360544189,0.9322033898305084,0.05084745762711865,0.0,3,0.0,0.0,0.047400172364263145,0.0,0.9352730563945582,0.9227730563945582,0.6352730563945581,0.9322033898305084,0,0.06472694360544189,6.746758414792461,5.140387363651398,0
7A3MBRLFC6OU5KGMFIDEQPUOQTROBYUS.pdf,0.125,0.3,0.8756214901840225,0.08843537414965986,0.06462585034013606,2.1530612244897958,11,23.683673469387752,0.1904067749548799,0.005715211254569855,0.17942176870748297,0.12437850981597753,0.0006214901840224663,0.17562149018402246,0.27884214910453975,0,-1.0096451876611685,6.699460404955958,4.701375722776111,0
7AOKCH7TMDCIAHWMUUSKUZBGPH3T5P5N.pdf,0.125,0.1,1.0,0.0,0.046674445740956826,9.945157526254375,44,437.58693115519253,0.0,0.0,0.22100350058343057,0.0,0.125,0.1,0.0,1,-8.945157526254375,26.84782672112019,21.916593241730766,0
6fb1b50dc88bf6c0bb775bf32a6b678b4a558c69.pdf,0.225,0.3,0.6109739529640833,0.3761467889908257,0.0389908256880734,2.7752293577981653,15,41.62844036697248,1.0438936116488513,0.014666273882669811,0.17345183486238533,0.3890260470359167,0.1640260470359167,0.08902604703591671,1.420040400639677,0,-1.084618898151836,9.91242913826713,6.499953533289921,0
7AUNHNHEJ5WZYXSDOPHTM3UHLGVPSSX6.pdf,0.05,0.3,1.0,0.0,0.05204572803850782,20.489169675090253,94,1925.9819494584838,0.0,0.0,0.2156754702641079,0.0,0.05,0.3,0.0,1,-19.489169675090253,55.53140794223827,41.13437625350983,0
7DHC66NNE4RHBN7MNVPKSCN6E2GFRS2Z.pdf,0.1125,0.3,0.9385741183371062,0.05172413793103448,0.06896551724137931,0.15517241379310345,6,0.9310344827586208,0.00802615933412604,0.0035671819262782403,0.022167487684729065,0.061425881662893755,0.05107411833710625,0.23857411833710623,0.05975029726516052,0,0.7929333068710036,1.8811405074444152,1.3317808902261346,0
6a72e705ce8cec9c77d24212eed6962d99a2883d.pdf,0.2,0.3,0.6463873091809768,0.3472803347280335,0.060669456066945605,2.1589958158995817,19,41.02092050209205,0.7497767896220305,0.02106930901069659,0.10794979079497909,0.35361269081902325,0.15361269081902323,0.053612690819023257,1.097057124350064,0,-0.7491601867913413,9.118453761405268,6.078969174270179,0
7GYQLFBVGRTYWE73NKCNCODTJVURFULB.pdf,0.1125,0.1,0.9564954384256704,0.034482758620689655,0.034482758620689655,0.0,3,0.0,0.0,0.0011890606420927466,0.0,0.04350456157432958,0.06899543842567042,0.056495438425670425,0.034482758620689655,0,0.9564954384256704,0.8349287536955938,0.6886010339757475,0
7ID44TA4ZPWEYUNNLNWPGUFJWDYENEDY.pdf,0.2125,0.1,1.0,0.0,0.03856562922868741,8.301759133964817,77,639.2354533152909,0.0,0.0,0.10643280940980535,0.0,0.2125,0.1,0.0,1,-7.301759133964817,28.63011671177267,21.8134222565887,0
7HBBXA2H7AQGVZSBZTLTPKAAEE3ZY2YK.pdf,0.35,0.1,0.9601541498230967,0.03684210526315789,0.1631578947368421,2.9789473684210526,7,20.852631578947367,0.10975069252077561,0.006011080332409972,0.37236842105263157,0.03984585017690334,0.31015414982309664,0.060154149823096664,0.1465927977839335,0,-1.9000945280709702,7.949813917016812,5.4826302875978,0
7LAHAWE6SGPL25FWUGMRKXCMTD3CWEBO.pdf,0.1375,0.3,0.8792177469864249,0.12,0.12,0.0,1,0.0,0.0,0.0144,0.0,0.12078225301357515,0.016717746986424864,0.17921774698642484,0.12,0,0.8792177469864249,1.0758588734932124,0.7484235641691912,0
7MHCNBM2ZR4PD2BSWVFLG77BRN3HS3AD.pdf,0.1125,0.1,0.9549878995239236,0.030303030303030304,0.0,0.0,3,0.0,0.0,0.0,0.0,0.0450121004760764,0.0674878995239236,0.054987899523923606,0.030303030303030304,0,0.9549878995239236,0.7720015255195375,0.6367022890882783,0
7IYBO6EFOFMF4ETCCIZYJEGPTBQY3EE5.pdf,0.1375,0.5,0.7200253017186183,0.21971830985915494,0.0,1.732394366197183,15,25.985915492957744,0.380638762150367,0.0,0.10827464788732394,0.27997469828138166,0.14247469828138165,0.22002530171861834,0.6003570720095219,0,-0.527342474498143,7.257771252745708,4.43222671923402,0
7N6KRBZIEFV4F5QLLW3GBF6LKNNWSWVB.pdf,0.1375,0.3,0.9153148314853242,0.07932011331444759,0.0453257790368272,4.861189801699717,16,77.77903682719547,0.38559012591385855,0.0035952459292667464,0.2859523412764539,0.08468516851467578,0.05281483148532423,0.2153148314853242,0.46491023922830615,0,-3.5342042926756285,12.852575970983457,8.940922414597187,0
7PZU4ANBX7CFDAKIK25A2U6GR5OMGEZX.pdf,0.0,0.3,0.7909100437130973,0.11016949152542373,0.0,0.1864406779661017,5,0.9322033898305084,0.020540074691180694,0.0,0.031073446327683617,0.20908995628690275,0.20908995628690275,0.09091004371309724,0.13070956621660443,0,0.6434522389530283,2.2210299754630194,1.7084845965100148,0
7QX6IKZ22UTQYM2ZQVUU64G4ZKYSDE2R.pdf,0.25,0.1,0.7996506854997679,0.09859154929577464,0.014084507042253521,0.0,3,0.0,0.0,0.0013886133703630231,0.0,0.20034931450023208,0.04965068549976792,0.10034931450023207,0.09859154929577464,0,0.7996506854997679,1.2931296055531651,0.9578737818912334,0
7RVVK7WHY6HBTX3RU6AVLEEPLNLNQQDZ.pdf,0.45,0.3,1.0,0.0,0.0,0.0,0,0.0,0.0,0.0,0.0,0.0,0.45,0.3,0.0,0,1.0,0.9750000000000001,0.5571428571428572,0
7VDYUYI25N4D4JRD7SKH4HJVX7GYRRFJ.pdf,0.1375,0.3,0.9622455440117584,0.012345679012345678,0.037037037037037035,0.2716049382716049,3,0.8148148148148148,0.0033531473860691965,0.00045724737082761767,0.06790123456790123,0.037754455988241564,0.09974554401175845,0.2622455440117584,0.015698826398414873,0,0.7008949024283179,1.5670024016355089,1.090088627224702,0
7YLE2QQTJK2HP5N2PUSAA3IKH662U3Y6.pdf,0.1125,0.1,0.9640994167418455,0.024390243902439025,0.0,0.0,4,0.0,0.0,0.0,0.0,0.035900583258154484,0.07659941674184552,0.06409941674184552,0.024390243902439025,0,0.9640994167418455,0.9117753181270204,0.7519796438160992,0
7bee00906c1ce0a45940a9381fe32dd0d79cfd93.pdf,0.075,0.5,0.8052898753145882,0.17391304347826086,0.008695652173913044,0.0,5,0.0,0.0,0.0015122873345935729,0.0,0.19471012468541182,0.11971012468541183,0.3052898753145882,0.17391304347826086,0,0.8052898753145882,2.072101398670051,1.3156199356635245,0
8a52f87f42831fabd6d3b69de6424fcb606fa6a9.pdf,0.075,0.3,0.7464964812715142,0.23778501628664495,0.04234527687296417,2.429967426710098,15,36.44951140065147,0.5778098441362773,0.010069072350900274,0.15187296416938112,0.25350351872848575,0.17850351872848574,0.046496481271514234,0.8155948604229223,0,-1.06746565237197,8.58917410626747,6.2466720772854325,0
7ODKVGAYKZTRQVTJRVNSXSEK3QC43I3B.pdf,0.0125,0.3,0.08039781342867552,0.9158163265306123,0.11224489795918367,1.3801020408163265,18,24.841836734693878,1.2639199812578092,0.10279571012078301,0.07263694951664876,0.9196021865713244,0.9071021865713245,0.6196021865713244,2.1797363077884215,0,-0.030559372961409825,11.737572084468919,8.942912064357271,0
9a88dbee11432f3b74011df8eeab1943959dbb20.pdf,0.175,0.3,0.624262709142535,0.24865831842576028,0.02146690518783542,1.3595706618962433,15,20.39355992844365,0.33806855456811774,0.005337924545812385,0.08497316636851521,0.375737290857465,0.200737290857465,0.075737290857465,0.586726872993878,0,-0.22446655552352335,6.751305286497233,4.577156126438802,0
9e6045a3ee13c27de6bd14c7fe85cef8f7a28fbf.pdf,0.05,0.3,0.7297718306954769,0.25573770491803277,0.06557377049180328,2.4688524590163934,15,37.0327868852459,0.631378661650094,0.016769685568395594,0.1543032786885246,0.2702281693045231,0.2202281693045231,0.029771830695476897,0.8871163665681268,0,-1.0719271480379464,8.825980259326881,6.537763155056949,0
0a29925ccc5e6299e132a73325956a3abef6dd26_tampered.pdf,0.075,0.5,0.8946019819171159,0.1016949152542373,0.01694915254237288,0.22033898305084745,3,0.6610169491525424,0.02240735420856076,0.0017236426314277509,0.05508474576271186,0.10539801808288407,0.030398018082884073,0.39460198191711593,0.12410226946279806,0,0.697486290986226,1.8213340282580575,1.1564025576241634,1
6S4BF3BBWSDF2EUWMDVBVAAUUCVOCTVP.pdf,0.2,0.5,0.421847257259286,0.3023973082854339,0.12365063788027478,3.8937333520257957,71,276.4550679938315,1.1774544848338204,0.037391620062771996,0.054079629889247166,0.578152742740714,0.37815274274071403,0.07815274274071404,1.4798517931192543,1,-1.2207134777918018,21.1806232739188,12.459190161128706,0
9c4d24605c30d02dcb31fb1cdaa442201d5f00bd.pdf,0.375,0.3,0.6735049281909099,0.31952662721893493,0.007100591715976331,6.778698224852071,48,325.3775147928994,2.1659745807219637,0.0022688281222646265,0.13834078009902184,0.3264950718090901,0.0485049281909099,0.02649507180909011,2.4855012079408985,1,-3.8919817329659323,22.319106513039078,13.324839709277061,0
1dcf57a5007b56254583423ba31107d22459bccf_tampered.pdf,0.0875,0.3,0.7876341098107525,0.21176470588235294,0.0058823529411764705,1.4176470588235295,14,19.847058823529412,0.30020761245674743,0.001245674740484429,0.09450980392156863,0.21236589018924745,0.12486589018924746,0.08763410981075254,0.5119723183391004,0,-0.32895306939154967,6.173194137237825,4.449148927738973,1
1e8c2332a461a3a142840fa477fa907c66c35dac_tampered.pdf,0.1625,0.3,0.7770523143537896,0.22012578616352202,0.0,1.1949685534591195,11,13.144654088050315,0.26304339227087536,0.0,0.09958071278825996,0.22294768564621037,0.060447685646210364,0.07705231435378962,0.48316917843439744,0,-0.15150076569161933,5.20387078644257,3.5582022471402186,1
22ZOCVPAF2GSGXR357RM7UT4Z22RS2LH_tampered.pdf,0.1,0.7,0.7328054491272882,0.3103448275862069,0.06896551724137931,0.1724137931034483,4,0.6896551724137931,0.05350772889417361,0.02140309155766944,0.034482758620689655,0.2671945508727118,0.16719455087271182,0.43280544912728813,0.36385255648038056,0,0.6064596820363765,3.0421243082162626,1.6900690601201458,1
0e21835a42a6df2405496f62647058ff855743c1_tampered.pdf,0.2,0.7,0.7052923459136424,0.2857142857142857,0.0,1.6388888888888888,12,19.666666666666664,0.4682539682539682,0.0,0.12606837606837606,0.2947076540863576,0.09470765408635756,0.4052923459136424,0.753968253968254,0,-0.45060344322260487,6.928832627279386,3.6467540143575716,1
2A2C2V4WI5YRDJHR26XUD4IAULIYGTMA_tampered.pdf,0.1,0.3,0.8585747092993553,0.1393939393939394,0.0,1.0666666666666667,8,8.533333333333333,0.1486868686868687,0.0,0.11851851851851852,0.1414252907006447,0.041425290700644685,0.1585747092993553,0.28808080808080805,0,-0.05723831395329034,4.185381408569794,2.9895581489784235,1
2EDEPZ4VHTLPTWSZR6FAVUJ3B2ZVSIPS_tampered.pdf,0.1,0.5,0.773675190137015,0.14285714285714285,0.0,0.25,3,0.75,0.03571428571428571,0.0,0.0625,0.22632480986298498,0.12632480986298497,0.273675190137015,0.17857142857142855,0,0.5802563926027613,2.2229548818003195,1.3893468011251997,1
2ED27NR7CISW7J4PHXXBZ6OFPVDFHMFB_tampered.pdf,0.1,0.3,0.0,0.6529411764705882,0.0,1.1411764705882352,10,11.411764705882351,0.745121107266436,0.0,0.10374331550802139,1.0,0.9,0.7,1.3980622837370242,0,-0.0,9.46470588235294,6.7605042016806705,1
2FDPTMT2NZDE6RIJSZZXGBMD7LYL7YHV_tampered.pdf,0.0,0.4,1.0,0.0,0.0,0.0,0,0.0,0.0,0.0,0.0,0.0,0.0,0.4,0.0,0,1.0,0.4,0.28571428571428575,1
2F73J4NP2YHKVISKHDIDJ7RGPDKTQZ7D_tampered.pdf,0.1,0.3,0.05772193765358124,0.940959409594096,0.025830258302583026,0.6236162361623616,6,3.7416974169741697,0.5867975653926281,0.02430522460206152,0.08908803373748023,0.9422780623464188,0.8422780623464188,0.6422780623464188,1.5277569749867241,0,0.02172560015005641,8.328627664322722,5.949019760230516,1
2KH4X5DOMVDC44GAIAFOCYEKJMXGQH4T_tampered.pdf,0.1125,0.1,0.8523862442456855,0.08974358974358974,0.038461538461538464,0.782051282051282,7,5.4743589743589745,0.07018408941485865,0.003451676528599606,0.09775641025641026,0.14761375575431446,0.035113755754314455,0.04761375575431445,0.15992767915844838,0,0.18577648913046993,3.2916657470482606,2.714775873854235,1
2KPPNYIT75S3H25JKEWTMQ7WRNCCTMJM_tampered.pdf,0.1,0.3,0.8460700787378241,0.21875,0.0,0.03125,3,0.09375,0.0068359375,0.0,0.0078125,0.15392992126217586,0.053929921262175856,0.14607007873782413,0.2255859375,0,0.8196303887772671,1.5941998031554396,1.1387141451110283,1
2KQDEYIMQDVT2DUARRCJV5HEUYY2HO7H_tampered.pdf,0.0125,0.3,0.5817180899779353,0.24444444444444444,0.022222222222222223,0.0,3,0.0,0.0,0.005432098765432099,0.0,0.4182819100220647,0.4057819100220647,0.11828191002206473,0.24444444444444444,0,0.5817180899779353,2.6579630395437355,2.025114696795227,1
2LVOKCURIEQKLK43I6T7QLYYQX3RQUXX_tampered.pdf,0.1125,0.3,1.0,0.0,0.0,0.0,0,0.0,0.0,0.0,0.0,0.0,0.1125,0.3,0.0,0,1.0,0.46875,0.331858407079646,1
2QCQAIXCPZZPZPEEBHJT4WUB5BA42DCP_tampered.pdf,0.1125,0.1,0.8867498752469207,0.08139534883720931,0.06976744186046512,0.7674418604651163,7,5.372093023255815,0.06246619794483505,0.0056787452677122775,0.09593023255813954,0.11325012475307927,0.0007501247530792704,0.013250124753079268,0.14386154678204435,0,0.20622090122021408,3.13389881720281,2.584658818311596,1
2QWDF5JK4N7WQ4NQRZRLF4CYOUF32WTR_tampered.pdf,0.025,0.3,0.16666666666666666,1.0,0.0,0.0,1,0.0,0.0,0.0,0.0,0.8333333333333334,0.8083333333333333,0.5333333333333334,1.0,0,0.16666666666666666,6.0625,4.5754716981132075,1
23JCEIKVL65X2RGSARNY2VOUNXBTJ5AS_tampered.pdf,0.1,0,0.34156264872997116,0.6534710269650029,0.010327022375215147,2.951233505450373,21,61.97590361445783,1.9285455896201806,0.006748409917022406,0.1341469775204715,0.6584373512700288,0.5584373512700288,0.6584373512700288,2.5820166165851837,1,-0.666468484412296,13.514603192591206,12.28600290235564,1
2REYVBYLIEUNFBZ5FULJCPTJCZHNOENV_tampered.pdf,0.1,0.3,0.9484151848744642,0.05099150141643059,0.014164305949008499,3.4305949008498584,18,61.75070821529745,0.17493118474588512,0.0007222592268616232,0.18055762636051886,0.05158481512553581,0.048415184874464195,0.24841518487446418,0.2259226861623157,0,-2.3052131122444486,10.134122606601538,7.238659004715384,1
2UD7BSKC7GT3V7I6DK5NH5TFKJ6F3EXL_tampered.pdf,0.1,0.4,0.9021385695612595,0.04779411764705882,0.0508578431372549,6.661151960784314,54,359.7022058823529,0.31836388047866204,0.0024307057381776236,0.12111185383244207,0.09786143043874052,0.00213856956125949,0.3021385695612595,0.36615799812572086,1,-5.1071435319708804,22.119145265172786,14.746096843448525,1
2RE7KOL5KV5FFCUG6CYUVEFF4KIUZN2V_tampered.pdf,0.15,0.3,0.4929523559345568,0.5443425076452599,0.0672782874617737,5.319571865443425,46,244.70030581039757,2.8956690888346475,0.03662243170702054,0.11318238011581756,0.5070476440654432,0.3570476440654432,0.20704764406544324,3.4400115964799074,1,-2.1293431276989647,20.757631829487153,14.315608158267002,1
2WE4HZPD57KVPL4RQKCB4PUG42SQ2RMJ_tampered.pdf,0.2,0.7,0.8413336798135949,0.14648729446935724,0.07324364723467862,3.8579970104633783,20,77.15994020926756,0.5651475441336488,0.01072926372047609,0.18371414335539896,0.15866632018640514,0.04133367981359487,0.5413336798135948,0.7116348386030061,0,-2.404529141709407,12.112744567858966,6.375128719925772,1
2XP6SY3BBU24ICI4JSHCLNQKAKGVMMPG_tampered.pdf,0.025,0.1,1.0,0.0,0.0,0.0,0,0.0,0.0,0.0,0.0,0.0,0.025,0.1,0.0,0,1.0,0.1375,0.12222222222222223,1
2YS3ALM6OTD5ENWN4Z5LOBWG735756DX_tampered.pdf,0.0125,0.1,1.0,0.0,0.0,0.0,0,0.0,0.0,0.0,0.0,0.0,0.0125,0.1,0.0,0,1.0,0.11875000000000001,0.10674157303370786,1
2Z5VOQ6G6CMR5GMVSAAXULXHXTMJPTM2_tampered.pdf,0.25,0.3,1.0,0.0,0.07092665788317962,58.061484409310495,464,26940.52876592007,0.0,0.0,0.12486340733185053,0.0,0.25,0.3,0.0,1,-57.061484409310495,186.50435880544578,120.32539277770695,1
2XJLJAFHRTLAIWFDDAVMV2U4QJMISM4P_tampered.pdf,0.1,0.3,0.7304193829230071,0.15835411471321695,0.03740648379052369,5.249376558603491,26,136.48379052369077,0.8312603777339692,0.005923470625182679,0.19442135402235153,0.2695806170769929,0.16958061707699287,0.03041938292300711,0.9896144924471862,1,-3.1038270037426536,15.674699672368293,11.196214051691637,1
2ZJG56HD3YEZGEQZL4RFOYNIMTZISHDX_tampered.pdf,0.1,0.1,0.5879285515688633,0.41025641025641024,0.0,0.05128205128205128,3,0.15384615384615385,0.021038790269559498,0.0,0.01282051282051282,0.41207144843113674,0.31207144843113677,0.31207144843113677,0.43129520052596976,0,0.5577783694371267,3.1825266461452433,2.652105538454369,1
2c143c1675c174d0317c3a1f67b68b2b60047467_tampered.pdf,0.1,0.3,0.519665335420698,0.46026986506746626,0.037481259370314844,3.995502248875562,23,91.89655172413792,1.839009280966713,0.01725149419293352,0.16647926036981509,0.48033466457930196,0.380334664579302,0.18033466457930197,2.2992791460341793,1,-1.5566586809153742,14.35940704008212,10.25671931434437,1
32PQ6TLRU26TDGA4NLYBMYEHYGX3X7US_tampered.pdf,0.1,0.7,0.8306299917813017,0.20689655172413793,0.034482758620689655,0.0,1,0.0,0.0,0.007134363852556481,0.0,0.1693700082186983,0.06937000821869829,0.5306299917813017,0.20689655172413793,0,0.8306299917813017,1.6923905377881252,0.9402169654378473,1
35CQZCOMND26DXY46FVVS47WB2AL75OK_tampered.pdf,0.0,0.3,0.7138764988102677,0.21965317919075145,0.05202312138728324,0.9884393063583815,9,8.895953757225433,0.21711383607871965,0.01142704400414314,0.09884393063583816,0.2861235011897323,0.2861235011897323,0.013876498810267701,0.43676701526947104,0,0.008252907500696733,4.969354995748898,3.8225807659606903,1
35DKLURQRIKJHCGH3IP5TO2BTAOV4CBN_tampered.pdf,0.1,0.3,0.8932579977798244,0.07441860465116279,0.0,1.1441860465116278,9,10.29767441860465,0.08514872904272579,0.0,0.11441860465116278,0.1067420022201756,0.006742002220175597,0.1932579977798244,0.1595673336938886,0,-0.1287953392147653,4.241273610201602,3.029481150144001,1
2G54QACZZK5MIIKK25USTLNPN66FST63_tampered.pdf,0.0,0.5,0.00127598027337118,0.998667428136303,0.03217209213782601,1.7350085665334094,21,36.4351798972016,1.7326965429343737,0.032129220513046876,0.07886402575151862,0.9987240197266288,0.9987240197266288,0.49872401972662883,2.7313639710706767,1,-0.0009378564316554588,13.159201930384144,8.772801286922762,1
37RZ6AARR76UDY2JH4LRVGQBIPYUQ2A2_tampered.pdf,0.1,0.3,0.9245601786290615,0.028169014084507043,0.0,0.0,3,0.0,0.0,0.0,0.0,0.07543982137093852,0.024560178629061485,0.22456017862906147,0.028169014084507043,0,0.9245601786290615,0.9327026245257983,0.6662161603755702,1
2a85b52768ea5761b773be49b09d15f0b95415b0_tampered.pdf,0.175,0.1,0.5010942052669806,0.4909470752089137,0.0006963788300835655,8.500696378830083,41,348.5285515320334,4.173392024425633,0.0003418851498669315,0.20239753282928769,0.49890579473301944,0.32390579473301945,0.39890579473301946,4.664339099634547,1,-3.7585554908987797,26.26238109022616,20.597945953118554,1
3EG2SKQ4OJ5RGGAPXC4LPRAYJJJNH2XO_tampered.pdf,0.0,0.1,0.840209176276751,0.14705882352941177,0.08823529411764706,0.0,3,0.0,0.0,0.012975778546712804,0.0,0.15979082372324904,0.15979082372324904,0.05979082372324904,0.14705882352941177,0,0.840209176276751,1.5690587067546204,1.4264170061405639,1
3G2C6NNZ42WCE3GQ2SREVI2FQIJMQTVT_tampered.pdf,0.25,0.3,0.41791419509610817,0.5970149253731343,0.0,0.0,7,0.0,0.0,0.0,0.0,0.5820858049038918,0.33208580490389183,0.28208580490389185,0.5970149253731343,0,0.41791419509610817,4.486923435500348,2.8947893132260307,1
37WOUPCWLZGR4AFDBNNHKUHNTVLYXVLD_tampered.pdf,0.1,0.1,0.01851060606606711,0.9740740740740741,0.022222222222222223,0.4185185185185185,4,1.674074074074074,0.40766803840877913,0.021646090534979425,0.0837037037037037,0.9814893939339329,0.8814893939339329,0.8814893939339329,1.3817421124828533,0,0.0107635746384168,8.072257828258254,6.726881523548544,1
3HYJT3CPUFRXVQSY3IJIK5ERD4XWBDUQ_tampered.pdf,0.1,0.3,1.0,0.0,0.0,0.0,0,0.0,0.0,0.0,0.0,0.0,0.1,0.3,0.0,0,1.0,0.45,0.3214285714285714,1
3I2DH7KNN6KICUFNT6P4MKHUAPPBJD2Y_tampered.pdf,0.1125,0.1,0.4014744820237694,0.40869565217391307,0.05217391304347826,0.043478260869565216,2,0.08695652173913043,0.01776937618147448,0.021323251417769376,0.014492753623188406,0.5985255179762305,0.48602551797623056,0.49852551797623057,0.4264650283553875,0,0.3840190697618664,3.9115713526321683,3.226038228974984,1
3IFL3YAHHYK5PMUEVWZZ2PHZ7TYPPTET_tampered.pdf,0.1,0.3,0.05303768850840756,0.9436619718309859,0.02112676056338028,0.035211267605633804,3,0.1056338028169014,0.03322753421940091,0.019936520531640547,0.008802816901408451,0.9469623114915925,0.8469623114915925,0.6469623114915926,0.9768895060503867,0,0.05117016426515377,6.722598007345969,4.801855719532834,1
3HATKPN6TVEYUNQ6PK5MYH6VA6VX6ECE_tampered.pdf,0.1,0.3,0.9213152607138533,0.07088989441930618,0.09653092006033183,3.019607843137255,13,39.25490196078431,0.21405968118770885,0.006843066731275408,0.2156862745098039,0.07868473928614672,0.021315260713853285,0.22131526071385327,0.28494957560701506,0,-1.860695526539743,8.721894432770199,6.229924594835856,1
3KT2OE6FWFEQPKT754Z3YHJQ3XTLPQZS_tampered.pdf,0.1125,0.1,0.8719404025817281,0.0963855421686747,0.10843373493975904,0.5903614457831325,7,4.132530120481928,0.056902308027289884,0.01045144433154304,0.07379518072289157,0.1280595974182719,0.015559597418271884,0.02805959741827188,0.15328785019596458,0,0.35718040587685246,2.9418555377798135,2.4262726084781963,1
3KYS5FP4VPQMHQKSV6PY3UOXQILNMOPO_tampered.pdf,0.1,0.3,0.8672459311136302,0.11363636363636363,0.07575757575757576,1.2727272727272727,10,12.727272727272727,0.1446280991735537,0.008608815426997245,0.11570247933884298,0.13275406888636976,0.03275406888636975,0.16724593111363023,0.25826446280991733,0,-0.2365216175764446,4.925066990397743,3.5179049931412445,1
35REBWQXW3JLUKC6DAANAQ2P3RI5B6A6_tampered.pdf,0.1,0.3,0.30016507457719577,0.6964679911699779,0.04359823399558499,3.8443708609271523,29,111.48675496688742,2.6774812508223325,0.030364774449463717,0.12814569536423842,0.6998349254228042,0.5998349254228043,0.39983492542280424,3.3739492419923103,1,-0.8537807915954012,16.544566215175248,11.817547296553748,1
3KF674T52XCSSWUXJN6WRXYXLXBCQI3P_tampered.pdf,0.25,0.3,1.0,0.0,0.047323977887127146,106.74053824190511,843,89982.273737926,0.0,0.0,0.12646983204017193,0.0,0.25,0.3,0.0,1,-105.74053824190511,340.6770624506409,219.79165319396188,1
3PILGMQ4BBDRSLAPZCPVAHBNX53K2NUJ_tampered.pdf,0.0,0.3,0.07003339742924784,0.9290780141843972,0.08865248226950355,0.6312056737588653,7,4.418439716312057,0.586439313917811,0.08236507217946784,0.07890070921985816,0.9299666025707521,0.9299666025707521,0.6299666025707522,1.515517328102208,0,0.025827919619297077,8.652934817951364,6.656103706116434,1
3SX4ZUITX7U6NVFXAEJBBJXEQ76IJFKV_tampered.pdf,0.1125,0.1,0.8900989219340285,0.09016393442622951,0.04918032786885246,0.7131147540983607,9,6.418032786885246,0.06429723192690137,0.0044342918570276805,0.07131147540983607,0.10990107806597149,0.0025989219340285113,0.009901078065971486,0.1544611663531309,0,0.25535624809582785,3.309011453164531,2.729081610857345,1
3P5D3UKXU2R6I2TK4OJSLL6LGIQJ4NY5_tampered.pdf,0.0,0.3,0.00022160664819944597,0.6225425950196593,0.0,0.5963302752293578,5,2.9816513761467887,0.371240997030072,0.0,0.09938837920489296,0.9997783933518005,0.9997783933518005,0.6997783933518005,0.9937835920497312,0,8.945589468601489e-05,7.698019808090966,5.921553698531512,1
3RCHLDD2YCPDNLHEV4AVKEPBYJP5UBZB_tampered.pdf,0.1,0.1,1.0,0.0,0.05802822461265173,30.437678871015493,243,7396.355965656765,0.0,0.0,0.12474458553694874,0.0,0.1,0.1,0.0,1,-29.437678871015493,97.66240007894997,81.38533339912496,1
3ZVA64MJREBJXFOQOIXK6WJVPBWFJF7L_tampered.pdf,0.1,0.3,0.3355957027290077,0.6428571428571429,0.02857142857142857,0.2,3,0.6000000000000001,0.1285714285714286,0.018367346938775512,0.05,0.6644042972709923,0.5644042972709923,0.3644042972709923,0.7714285714285715,0,0.26847656218320615,5.039819337719465,3.5998709555139037,1
3fd6a0981cec7cf21e133249fea7e0e4474ec88d_tampered.pdf,0.1,0.3,0.7608111691561202,0.22569444444444445,0.06597222222222222,2.0,13,26.0,0.4513888888888889,0.014889564043209878,0.14285714285714285,0.23918883084387976,0.13918883084387976,0.060811169156120226,0.6770833333333334,0,-0.7608111691561202,7.361166521554144,5.257976086824388,1
43QM3XC3PVX5LLMG2IHDTOMSCNYZYA7Y_tampered.pdf,0.25,0.5,0.9318393033316937,0.044444444444444446,0.03333333333333333,0.9444444444444444,8,7.555555555555555,0.04197530864197531,0.0014814814814814816,0.10493827160493827,0.06816069666830626,0.18183930333169374,0.43183930333169374,0.08641975308641976,0,0.05176885018509412,4.090919651665847,2.337668372380484,1
44CC3S6FHPO5OFLW26RYVMNN3CLMBFU5_tampered.pdf,0.0125,0.3,0.0689277556520851,0.9295774647887324,0.02112676056338028,0.04225352112676056,4,0.16901408450704225,0.03927792104741123,0.019638960523705614,0.008450704225352112,0.9310722443479149,0.918572244347915,0.6310722443479149,0.9688553858361435,0,0.06601531527241954,6.91121594463604,5.265688338770316,1
44PBM3B5SUUOF74NERNZAUH2PBBU5SPB_tampered.pdf,0.0,0.1,0.6620267735283024,0.3356643356643357,0.03496503496503497,0.3006993006993007,9,2.7062937062937062,0.10093403100396107,0.01173651523301873,0.030069930069930067,0.3379732264716976,0.3379732264716976,0.23797322647169758,0.4365983666682967,0,0.4629557856841276,4.263886512129632,3.876260465572393,1
3XSJWLQUWUFRCZDJZ2RLJ6KMMDBJZG4D_tampered.pdf,0.275,0.7,0.26687633714001496,0.734472049689441,0.02562111801242236,2.4627329192546585,16,39.40372670807454,1.8088084950426297,0.018817995061918908,0.14486664230909757,0.7331236628599851,0.45812366285998507,0.03312366285998514,2.5432805447320708,0,-0.39036880370480453,11.386634122621487,5.765384365884298,1
3WVRGDKMXZRPVBBNRYOLXY3J3VIZROXI_tampered.pdf,0.2625,0.3,0.38519082721973036,0.5956813104988831,0.03201787043931496,3.7304542069992555,25,93.26135517498139,2.2221618507813883,0.019072447022674587,0.14347900796150984,0.6148091727802696,0.3523091727802696,0.3148091727802696,2.817843161280271,1,-1.0517459146796362,14.821029773415905,9.48545905498618,1
46KXLWATPXX7EE6CIIN3H4KUPVN3RX75_tampered.pdf,0.1,0.1,0.8189664874896713,0.11450381679389313,0.05343511450381679,0.48091603053435117,8,3.8473282442748094,0.05506672105355166,0.00611852456150574,0.0534351145038168,0.18103351251032873,0.08103351251032873,0.08103351251032873,0.16957053784744477,0,0.4251123751854782,3.09289508110564,2.577412567588033,1
45W73IZ4UHYYGASU2Y4JO6Q7SC56OPTI_tampered.pdf,0.1,0.3,0.9042352002523218,0.0867579908675799,0.0684931506849315,0.5616438356164384,5,2.808219178082192,0.048727090761243506,0.005942328141615062,0.09360730593607307,0.09576479974767815,0.004235200252321852,0.20423520025232184,0.13548508162882342,0,0.39637707408320955,2.595039974555385,1.8535999818252749,1
44fd6224a81709051890169e2533ac5fd75cd93a_tampered.pdf,0.1,0.7,0.74105847453719,0.2391304347826087,0.021739130434782608,3.1168478260869565,18,56.10326086956522,0.7453331758034026,0.005198487712665407,0.16404462242562928,0.25894152546281,0.15894152546281,0.44105847453718994,0.9844636105860115,0,-1.568708020827367,10.761484248439634,5.978602360244241,1
4C5BLCGBSAKXLBL674TCFLMNISKMFTF7_tampered.pdf,0.1,0.3,0.9304210743094582,0.03333333333333333,0.11666666666666667,0.1,3,0.30000000000000004,0.0033333333333333335,0.0038888888888888888,0.025,0.0695789256905418,0.0304210743094582,0.23042107430945818,0.03666666666666667,0,0.8373789668785124,1.3235438704880622,0.9453884789200443,1
46QMULSFORX2CQ75FYZAEACXSD7AJKPG_tampered.pdf,0.1,0.3,0.03915469242733408,0.9657039711191335,0.032490974729241874,1.2129963898916967,13,15.768953068592056,1.1713954306715844,0.03137666332156029,0.08664259927797834,0.960845307572666,0.860845307572666,0.6608453075726659,2.1370994017907177,0,-0.008339808134341913,10.712793053752087,7.651995038394347,1
46ZGYJDQNL2COPU447ILTCZ6EUMSQOHA_tampered.pdf,0.0,0.1,0.43943518845820534,0.39728353140916806,0.01697792869269949,2.5144312393887946,26,65.37521222410867,0.9989421222699115,0.006745051467048694,0.09312708294032573,0.5605648115417947,0.5605648115417947,0.46056481154179474,1.3962256536790796,1,-0.6654943770878085,12.370079852277636,11.245527138434213,1
4GJOQXDXU2XKJOU5NUAAVWW7LS4LSYA7_tampered.pdf,0.0,0.1,0.8124000148904802,0.09523809523809523,0.0,0.6476190476190476,6,3.885714285714286,0.06167800453514739,0.0,0.0925170068027211,0.1875999851095198,0.1875999851095198,0.0875999851095198,0.1569160997732426,0,0.2862742909614073,3.1775332663261726,2.888666605751066,1
4CWINULHRRVWF33LXZE4U5EEHETC2SI6_tampered.pdf,0.1,0.1,0.7716478487996185,0.23255813953488372,0.11627906976744186,0.6124031007751938,9,5.511627906976744,0.14241932576167296,0.02704164413196322,0.06124031007751938,0.22835215120038155,0.12835215120038154,0.12835215120038154,0.3749774652965567,0,0.29908831348822423,4.1082048354404765,3.42350402953373,1
4JIOYSGO26FIUJU47G4MCVYSZUGX7EAE_tampered.pdf,0.1125,0.3,0.9197647102461781,0.06666666666666667,0.05,0.6166666666666667,5,3.0833333333333335,0.04111111111111111,0.0033333333333333335,0.10277777777777779,0.08023528975382188,0.03226471024617812,0.2197647102461781,0.10777777777777778,0,0.35257647226103495,2.6536323551230896,1.8786777735384703,1
4J72NV3NRCPTITE2IIE2CG2NMBSSLM67_tampered.pdf,0.1125,0.7,0.6874058887369919,0.1641025641025641,0.02564102564102564,0.9897435897435898,9,8.907692307692308,0.16241946088099934,0.0042077580539119,0.09897435897435898,0.31259411126300807,0.20009411126300808,0.3874058887369919,0.3265220249835635,0,0.007050316807558866,5.090940406362648,2.8087947069587025,1
4L35CSXFUATM7UTMSDUPULOT54HTIGRP_tampered.pdf,0.1125,0.3,0.35501088945184534,0.6444444444444445,0.14444444444444443,0.1,4,0.4,0.06444444444444446,0.09308641975308642,0.02,0.6449891105481547,0.5324891105481546,0.3449891105481547,0.708888888888889,0,0.31950980050666083,5.061478775244474,3.583347805482813,1
4MXIGGV3UCFRYPPPQ4LGGB27K42PFGQV_tampered.pdf,0.1,0.3,0.8700338630567603,0.11320754716981132,0.05660377358490566,0.2641509433962264,5,1.320754716981132,0.029903880384478464,0.006407974368102528,0.0440251572327044,0.12996613694323966,0.029966136943239657,0.17003386305676033,0.14311142755428977,0,0.6402135973436539,2.1211417574524387,1.5151012553231704,1
4NULTK4K27CEH4E6TCVCEHXAWVJJMWSX_tampered.pdf,0.1,0.1,0.9302676830627619,0.057971014492753624,0.057971014492753624,0.2753623188405797,6,1.6521739130434783,0.01596303297626549,0.003360638521319051,0.039337474120082816,0.06973231693723814,0.03026768306276187,0.03026768306276187,0.0739340474690191,0,0.6741070167121462,1.8977425371835548,1.5814521143196287,1
4LRW52I7I5ZTB2VO2BGAW4YQUNGJXAP2_tampered.pdf,0.075,0.30000000000000004,0.7521177449404004,0.164804469273743,0.00558659217877095,1.4189944134078212,11,15.608938547486034,0.23385662120408224,0.00092069535907119,0.11824953445065177,0.2478822550595996,0.1728822550595996,0.052117744940400446,0.3986610904778253,0,-0.31513313335491633,5.715585525917156,4.156789473394295,1
4JVIYSW2MHWPE5BXGXLAXTNMHGHJFPUP_tampered.pdf,0.175,0.7,0.6030482618452542,0.3689839572192513,0.008021390374331552,1.1925133689839573,10,11.925133689839573,0.44001830192456176,0.0029597643627212677,0.10841030627126885,0.3969517381547458,0.22195173815474584,0.30304826184525413,0.809002259143813,0,-0.11609485254774952,6.2493980619644045,3.333012299714349,1
4RPOXAYQCNHNFQZMBDNNZAZUSVYDBPQJ_tampered.pdf,0.1,0.3,0.7745957612640463,0.21176470588235294,0.023529411764705882,0.4470588235294118,8,3.5764705882352943,0.09467128027681661,0.004982698961937716,0.04967320261437909,0.22540423873595372,0.12540423873595372,0.07459576126404627,0.30643598615916956,0,0.42830589152247267,3.3723341262516495,2.4088100901797493,1
4VMUKG4TIVAVUP5H4SRGXIJZUWERU7I2_tampered.pdf,0.0125,0.3,0.905870787496588,0.06451612903225806,0.06451612903225806,0.6612903225806451,6,3.967741935483871,0.04266389177939646,0.004162330905306971,0.0944700460829493,0.094129212503412,0.081629212503412,0.205870787496588,0.10718002081165451,0,0.30682720221658627,2.997218192548852,2.283594813370554,1
4UCZ4AEHAQQE2MYSFOGR6GRRPKNIAFCW_tampered.pdf,0.1,0.3,0.7159839978947189,0.26881720430107525,0.035842293906810034,1.5806451612903225,9,14.225806451612902,0.42490461325008666,0.009635025243766138,0.15806451612903225,0.2840160021052811,0.1840160021052811,0.015983997894718882,0.6937218175511619,0,-0.415732643938869,6.0971367794567515,4.355097699611965,1
50e0b81c3fa67c109bf639a3b90c5850974f7697_tampered.pdf,0.15,0.3,0.8175175706209223,0.18181818181818182,0.020202020202020204,0.7272727272727273,10,7.272727272727273,0.1322314049586777,0.0036730945821854917,0.06611570247933884,0.18248242937907766,0.032482429379077665,0.11751757062092233,0.3140495867768595,0,0.22295933744206972,3.9706000128416337,2.738344836442506,1
53MPVZWCXMT55PDT4CQCJ2MN5JAKIAGV_tampered.pdf,0.1,0.1,0.7316544587299183,0.17391304347826086,0.08695652173913043,0.0,4,0.0,0.0,0.015122873345935726,0.0,0.2683455412700817,0.1683455412700817,0.1683455412700817,0.17391304347826086,0,0.7316544587299183,2.122772327019715,1.7689769391830956,1
4WDM523HPSRSKBCVFVEJGLJ43DYOQRKO_tampered.pdf,0.1,0.1,0.8928761950942858,0.10465116279069768,0.06976744186046512,2.4224806201550386,18,43.604651162790695,0.2535154137371552,0.007301243915630071,0.12749898000815993,0.10712380490571416,0.007123804905714154,0.007123804905714154,0.3581665765278529,0,-1.270099083719391,8.143297432153231,6.786081193461025,1
4BYJ3SJ7LQLUQONSHK7CN7NJFWKW62CX_tampered.pdf,0.0125,0.3,1.0,0.0,0.10979520066197766,104.5253930492346,447,46722.850693007866,0.0,0.0,0.23331560948489866,0.0,0.0125,0.3,0.0,1,-103.5253930492346,276.5842288994622,210.7308410662569,1
5DRAZXKISWU5KHFNDUABKC7KUKS6IXDK_tampered.pdf,0.1,0.3,0.8698313767729804,0.11055276381909548,0.005025125628140704,0.507537688442211,6,3.0452261306532664,0.05610969419964142,0.000555541526729123,0.072505384063173,0.1301686232270196,0.030168623227019603,0.16983137677298038,0.1666624580187369,0,0.428359170471116,2.6744165329419203,1.9102975235299429,1
5F7F36M3NZCHDTIFIVI5JQRBDYNY6KJL_tampered.pdf,0.0,0.3,0.769643842949506,0.06666666666666667,0.0,0.0,3,0.0,0.0,0.0,0.0,0.23035615705049395,0.23035615705049395,0.06964384294950604,0.06666666666666667,0,0.769643842949506,1.4925570592929016,1.1481208148406936,1
5EAVIV25ANDVUI4BBJQE6S5KDAECENZZ_tampered.pdf,0.1,0.3,0.9299623233720368,0.056338028169014086,0.0,0.3380281690140845,6,2.028169014084507,0.01904384050783575,0.0,0.0482897384305835,0.07003767662796323,0.029962323372036775,0.22996232337203676,0.07538186867684983,0,0.6156088619505032,2.1318825701367228,1.5227732643833733,1
5IPJIVPM6LCPD36Z6TPNZNJQJNATZVNV_tampered.pdf,0.1,0.1,0.7150210671962093,0.27647058823529413,0.011764705882352941,0.8529411764705882,7,5.970588235294118,0.23581314878892734,0.0032525951557093426,0.10661764705882353,0.2849789328037907,0.1849789328037907,0.1849789328037907,0.5122837370242215,0,0.10515015694061904,4.497111079969999,3.747592566641665,1
5JWNPTKTIAPTHTEGVKW7WVNBDBKQMRJO_tampered.pdf,0.1,0.1,0.0,1.0,0.0,0.0,1,0.0,0.0,0.0,0.0,1.0,0.9,0.9,1.0,0,0.0,6.9,5.749999999999999,1
5IXFUAXPIWSNS4I6KSOJCGHEFEEBY5IE_tampered.pdf,0.175,0.5,0.8805742847469598,0.11278195488721804,0.03383458646616541,2.992481203007519,14,41.89473684210527,0.33749788003844194,0.0038159308044547454,0.19949874686716793,0.11942571525304024,0.055574284746959746,0.38057428474695976,0.45027983492566,0,-1.754527710210108,9.120456315305812,5.445048546451231,1
5LSCLZ4YEU5LZUAPARZB6QKKYSPSLW26_tampered.pdf,0.1,0.3,0.7856164754547798,0.2,0.0,0.4,3,1.2000000000000002,0.08000000000000002,0.0,0.1,0.21438352454522025,0.11438352454522024,0.08561647545477974,0.27999999999999997,0,0.47136988527286783,2.435958811363051,1.7399705795450362,1
5LJK3WBGEWURVXHBKF7FQP32FD7C7FQO_tampered.pdf,0.0,0.3,0.32703746264209327,0.6744186046511628,0.046511627906976744,0.05813953488372093,3,0.1744186046511628,0.03921038399134667,0.03136830719307734,0.014534883720930232,0.6729625373579067,0.6729625373579067,0.3729625373579067,0.7136289886425095,0,0.3080236566745297,5.050424441366394,3.884941877974149,1
5PFVA6CO2FP66IJYJJ4YMWOLK5EHRCCD_tampered.pdf,0.1,0.1,0.8865300905699582,0.09090909090909091,0.03896103896103896,0.6233766233766234,6,3.74025974025974,0.05667060212514758,0.0035419126328217238,0.08905380333951762,0.11346990943004176,0.013469909430041754,0.013469909430041754,0.14757969303423848,0,0.3338879561886856,2.6930821249027206,2.2442351040856003,1
5SMHFLT35YOIS6UTY6OKBZYRZSTDMG2Q_tampered.pdf,0.175,0.3,0.8302956993432217,0.10101010101010101,0.020202020202020204,0.4444444444444444,4,1.7777777777777777,0.04489337822671156,0.002040608101214162,0.08888888888888888,0.16970430065677833,0.00529569934322166,0.13029569934322166,0.14590347923681257,0,0.46127538852401206,2.249365021388783,1.5249932348398527,1
5M56W5BE4HY6J3WK2TN3HZJ6N3ZMYTJ4_tampered.pdf,0.1,0.3,0.30678869747616255,0.6927175843694494,0.055062166962699825,0.055062166962699825,4,0.2202486678507993,0.03814253128854873,0.03814253128854873,0.011012433392539964,0.6932113025238374,0.5932113025238375,0.39321130252383746,0.7308601156579981,0,0.2898962469934609,5.193962406650341,3.709973147607386,1
5WZLEVFSNHYXSOEJSBBALIZP2REQ5BWL_tampered.pdf,0.1,0.3,0.8238525238989025,0.15555555555555556,0.0,0.26666666666666666,4,1.0666666666666667,0.04148148148148148,0.0,0.05333333333333333,0.1761474761010975,0.07614747610109748,0.1238525238989025,0.19703703703703704,0,0.6041585175258619,2.112590912474966,1.50899350891069,1
5f1daaa6087c0d2d803b23997270dc8d79a1eb40_tampered.pdf,0.2,0.7,1.0,0.0,0.04132231404958678,8.08300395256917,58,468.8142292490119,0.0,0.0,0.1370000669926978,0.0,0.2,0.7,0.0,1,-7.08300395256917,25.92799137621272,13.646311250638274,1
5WEKPBBWFKF47XDYW5QBC36KFVBYJFE5_tampered.pdf,0.1,0.1,0.005167464114832536,0.9952153110047847,0.046251993620414676,0.001594896331738437,3,0.004784688995215311,0.0015872652488114589,0.046030692215532305,0.00039872408293460925,0.9948325358851675,0.8948325358851675,0.8948325358851675,0.9968025762535961,0,0.005159222545271399,7.237352472089315,6.031127060074428,1
65UHUSAELNKVXUYGUXKY2JQLAKWINVC2_tampered.pdf,0.1,0.1,0.6751342347638645,0.31851851851851853,0.07407407407407407,0.4444444444444444,4,1.7777777777777777,0.14156378600823044,0.023593964334705075,0.08888888888888888,0.32486576523613553,0.22486576523613552,0.22486576523613552,0.460082304526749,0,0.3750745748688136,3.6081922398589064,3.0068268665490883,1
6A2V6MYYSW4C6QUKXJX7BEGNPYKZGV6O_tampered.pdf,0.1,0.3,0.9091968120292587,0.07303370786516854,0.12640449438202248,5.146067415730337,13,66.89887640449437,0.37583638429491223,0.009231788915540967,0.36757624398073835,0.09080318797074127,0.009196812029258733,0.20919681202925872,0.4488700921600808,0,-3.7695912768404094,13.01892424871126,9.299231606222328,1
6AVXT3OLPGYVAG7L4CBYJHXLAXJE4V6F_tampered.pdf,0.1,0.30000000000000004,0.9041349870785247,0.08333333333333333,0.0,0.10416666666666667,2,0.20833333333333334,0.008680555555555556,0.0,0.034722222222222224,0.09586501292147531,0.004134987078524693,0.20413498707852473,0.0920138888888889,0,0.809954259257845,1.118734160205929,0.7990958287185207,1
5CCWTN5UI7YVM55N2H5CXFYZ44PMKUB4_tampered.pdf,0.0,0.3,0.000465386021043139,0.876905041031653,0.06447831184056271,2.2336850332161,23,51.3747557639703,1.9587296657041533,0.05654135669020036,0.0930702097173375,0.9995346139789568,0.9995346139789568,0.6995346139789569,2.8356347067358065,1,-0.0005741397688289136,14.404255899677482,11.080196845905755,1
6C5QST2YJX7GA4BOHPZK66SWOSEATYGO_tampered.pdf,0.1125,0.1,0.8090176366023565,0.13793103448275862,0.034482758620689655,0.3448275862068966,4,1.3793103448275863,0.04756242568370987,0.0047562425683709865,0.06896551724137931,0.19098236339764352,0.07848236339764351,0.09098236339764351,0.18549346016646848,0,0.5300460377739576,2.27687753184112,1.877837139662779,1
6C4F5OS4HOEBDQEKSVUX42XOMOJG3BNW_tampered.pdf,0.1,0.3,0.8450386334994784,0.11009174311926606,0.0779816513761468,1.1743119266055047,8,9.394495412844037,0.12928204696574364,0.008585135931318913,0.1304791029561672,0.1549613665005216,0.05496136650052161,0.14503863349947838,0.2393737900850097,0,-0.14730031226137702,4.478229104324699,3.198735074517642,1
6F47YISD72RZCG6OYZQCQLCYJX5E7MBK_tampered.pdf,0.1,0.1,0.6704131325482877,0.15280898876404495,0.035955056179775284,2.242696629213483,14,31.397752808988763,0.34270420401464463,0.005494255775785886,0.1495131086142322,0.3295868674517123,0.22958686745171228,0.22958686745171228,0.49551319277868955,0,-0.8331201399982092,8.254489218139446,6.878741015116204,1
6G5OZCK6EQTZ35IQ7FV4UW64WVMWAW4T_tampered.pdf,0.1,0.30000000000000004,0.0004246284501061571,0.7658536585365854,0.024390243902439025,0.2682926829268293,6,1.6097560975609757,0.2054729327781083,0.01867935752528257,0.038327526132404185,0.9995753715498938,0.8995753715498939,0.6995753715498938,0.9713265913146937,0,0.00031070374398011494,7.435894050023302,5.311352892873787,1
6LM5MPDEKTK4FAVUBSU5HZOLO33XZOV6_tampered.pdf,0.1125,0.3,0.8046179967979813,0.14285714285714285,0.061224489795918366,0.3877551020408163,4,1.5510204081632653,0.0553935860058309,0.008746355685131194,0.07755102040816327,0.1953820032020187,0.0828820032020187,0.10461799679798128,0.19825072886297374,0,0.49262326334570283,2.444194803923414,1.7304034010077267,1
6GHFGNIZJZWEVRNG4J5ILE62VJ3PUURO_tampered.pdf,0.1,0.3,0.7039804260321354,0.29545454545454547,0.0,0.7651515151515151,8,6.121212121212121,0.22606749311294766,0.0,0.08501683501683502,0.2960195739678646,0.1960195739678646,0.003980426032135387,0.5215220385674931,0,0.16532873641663787,4.358988328859055,3.1135630920421815,1
6MPUNFSLSFKNLOGE2I6WRELWSJOF27UK_tampered.pdf,0.1,0.3,0.6480841856641504,0.3333333333333333,0.08333333333333333,0.0,1,0.0,0.0,0.027777777777777776,0.0,0.3519158143358496,0.25191581433584964,0.05191581433584963,0.3333333333333333,0,0.6480841856641504,2.241954497844657,1.6013960698890404,1
64PJRWTXR43NVMTQCZGEFDUZA3JMJTD7_tampered.pdf,0.1,0.3,0.17098133809258215,0.7438162544169611,0.01678445229681979,0.8021201413427562,19,15.240282685512367,0.5966299991259724,0.012484548439860655,0.04010600706713781,0.8290186619074178,0.7290186619074178,0.5290186619074178,1.3404462535429333,0,0.033833763014786564,9.619541575756525,6.871101125540374,1
6OV4KF7OC77SI4QQ6W5MKPRKLFKJFMSA_tampered.pdf,0.1,0.3,0.9938271166623658,0.0,0.12121212121212122,0.15151515151515152,4,0.6060606060606061,0.0,0.0,0.030303030303030304,0.006172883337634216,0.09382711666236579,0.2938271166623658,0.0,0,0.8432472505014013,1.531762043179668,1.094115745128334,1
6QJJJ7KLDUS7SZA75TV36J7KF4BXERLH_tampered.pdf,0.1,0.3,0.050068352699931644,0.9240506329113924,0.0,0.0,3,0.0,0.0,0.0,0.0,0.9499316473000684,0.8499316473000684,0.6499316473000685,0.9240506329113924,0,0.050068352699931644,6.5848189951287885,4.703442139377706,1
6RZXET5EGN7QMGM5PROIXJI447YTCETZ_tampered.pdf,0.115,0.7,0.8756177020610358,0.10176991150442478,0.02654867256637168,1.0176991150442478,10,10.176991150442479,0.10357114887618452,0.002701856057639596,0.0925181013676589,0.12438229793896416,0.009382297938964154,0.5756177020610358,0.2053410603806093,0,-0.01549765844355818,4.6681017625465255,2.571956893965028,1
6REZDVWAZINCN3EC63464SLUVI2QJHJW_tampered.pdf,0.1,0.1,0.09743520126285687,0.8981042654028436,0.0924170616113744,0.0,5,0.0,0.0,0.08300015722917274,0.0,0.9025647987371431,0.8025647987371431,0.8025647987371431,0.8981042654028436,0,0.09743520126285687,6.945427850241314,5.787856541867761,1
6RWOLVNDX4CTI4PAGDGMWC3FFBTVW3TK_tampered.pdf,0.1,0,0.3844475092308077,0.6257928118393234,0.010570824524312896,0.2959830866807611,12,3.5517970401691334,0.1852240880708357,0.006615146002529846,0.022767929744673933,0.6155524907691923,0.5155524907691923,0.6155524907691923,0.8110168999101591,0,0.27065754878194287,6.592290648207665,5.992991498370603,1
6X3XULQL4IDEVAAER5F2M3RJGJS2REAH_tampered.pdf,0.1,0.1,0.8778729230343618,0.08333333333333333,0.05555555555555555,0.9537037037037037,9,8.583333333333334,0.0794753086419753,0.004629629629629629,0.09537037037037037,0.12212707696563818,0.022127076965638176,0.022127076965638176,0.16280864197530864,0,0.040642264955294514,3.8486459204194463,3.2072049336828714,1
6X7DGVAM2PXFTZ3B6YQOHRCZ3VVBS5LO_tampered.pdf,0.1125,0.1,0.9575912141717149,0.03125,0.09375,0.359375,6,2.15625,0.01123046875,0.0029296875,0.05133928571428571,0.04240878582828511,0.07009121417171489,0.057591214171714894,0.04248046875,0,0.6134568715787548,2.0850456070858576,1.7196252429574082,1
6Z3CUWVPRPVEBPROWQCD6EZJ22CLL5OY_tampered.pdf,0.0,0.3,0.0751543220885242,0.9180327868852459,0.04918032786885246,0.03825136612021858,3,0.11475409836065574,0.03511600824151214,0.045149153453372746,0.009562841530054645,0.9248456779114758,0.9248456779114758,0.6248456779114757,0.9531487951267581,0,0.07227956659879922,6.757160741858471,5.197815955275747,1
4P4SBCDNQWWUH5CI2KLPHVFIUV54ODLT_tampered.pdf,0.25,0.3,1.0,0.0,0.03308950491319499,120.86707688443789,761,91979.84550905724,0.0,0.0,0.15861821113443292,0.0,0.25,0.3,0.0,1,-119.86707688443789,356.6087880262456,230.07018582338424,1
7A3MBRLFC6OU5KGMFIDEQPUOQTROBYUS_tampered.pdf,0.1,0.3,0.8723363883404559,0.09121621621621621,0.06418918918918919,2.185810810810811,11,24.04391891891892,0.19938139152666182,0.005855094959824689,0.18215090090090091,0.1276636116595441,0.02766361165954409,0.1723363883404559,0.290597607742878,0,-1.0344259199577706,6.8151049750948065,4.8679321250677186,1
6a72e705ce8cec9c77d24212eed6962d99a2883d_tampered.pdf,0.175,0.5,0.634041055278002,0.35860655737704916,0.05942622950819672,2.2110655737704916,20,44.221311475409834,0.7929026135447459,0.021310635581832837,0.10528883684621389,0.36595894472199797,0.19095894472199798,0.13404105527800203,1.151509170921795,0,-0.7678652944043015,9.560184247050897,5.707572684806506,1
7AOKCH7TMDCIAHWMUUSKUZBGPH3T5P5N_tampered.pdf,0.1,0.1,1.0,0.0,0.050087361677344205,9.956901572510192,44,438.10366919044844,0.0,0.0,0.2212644793891154,0.0,0.1,0.1,0.0,1,-8.956901572510192,26.838934187536402,22.365778489613664,1
7AUNHNHEJ5WZYXSDOPHTM3UHLGVPSSX6_tampered.pdf,0.1,0.3,1.0,0.0,0.052030075187969926,20.492631578947368,94,1926.3073684210526,0.0,0.0,0.21571191135734072,0.0,0.1,0.3,0.0,1,-19.492631578947368,55.61330827067669,39.723791621911914,1
7DHC66NNE4RHBN7MNVPKSCN6E2GFRS2Z_tampered.pdf,0.1,0.1,0.8593026461680986,0.11594202898550725,0.07246376811594203,0.4782608695652174,6,2.8695652173913047,0.055450535601764335,0.008401596303297627,0.06832298136645963,0.1406973538319014,0.0406973538319014,0.0406973538319014,0.17139256458727156,0,0.4483318153920514,2.6382105560116718,2.1985087966763928,1
7GYQLFBVGRTYWE73NKCNCODTJVURFULB_tampered.pdf,0.1125,0.1,0.9295128405543569,0.058823529411764705,0.058823529411764705,0.2647058823529412,3,0.7941176470588236,0.015570934256055362,0.0034602076124567475,0.0661764705882353,0.0704871594456431,0.0420128405543569,0.029512840554356906,0.07439446366782007,0,0.6834653239370272,1.4482123026301197,1.1944018990763872,1
7ID44TA4ZPWEYUNNLNWPGUFJWDYENEDY_tampered.pdf,0.175,0.1,1.0,0.0,0.038306451612903226,8.313844086021506,77,640.1659946236559,0.0,0.0,0.1065877446925834,0.0,0.175,0.1,0.0,1,-7.313844086021506,28.59764784946237,22.42952772506852,1
7HBBXA2H7AQGVZSBZTLTPKAAEE3ZY2YK_tampered.pdf,0.1,0.1,0.9469790197101071,0.05181347150259067,0.046632124352331605,2.994818652849741,7,20.963730569948186,0.15517195092485703,0.002416172246234798,0.3743523316062176,0.05302098028989288,0.04697901971010712,0.04697901971010712,0.2069854224274477,0,-1.8890514123750841,7.462608680839509,6.218840567366256,1
7LAHAWE6SGPL25FWUGMRKXCMTD3CWEBO_tampered.pdf,0.0,0.3,0.8792177469864249,0.12,0.12,0.0,1,0.0,0.0,0.0144,0.0,0.12078225301357515,0.12078225301357515,0.17921774698642484,0.12,0,0.8792177469864249,1.231955632533938,0.94765817887226,1
7MHCNBM2ZR4PD2BSWVFLG77BRN3HS3AD_tampered.pdf,0.1125,0.1,0.9549878995239236,0.030303030303030304,0.0,0.0,3,0.0,0.0,0.0,0.0,0.0450121004760764,0.0674878995239236,0.054987899523923606,0.030303030303030304,0,0.9549878995239236,0.7720015255195375,0.6367022890882783,1
7IYBO6EFOFMF4ETCCIZYJEGPTBQY3EE5_tampered.pdf,0.1125,0.5,0.7200253017186183,0.21971830985915494,0.0,1.732394366197183,15,25.985915492957744,0.380638762150367,0.0,0.10827464788732394,0.27997469828138166,0.16747469828138167,0.22002530171861834,0.6003570720095219,0,-0.527342474498143,7.2952712527457075,4.524199226508966,1
7N6KRBZIEFV4F5QLLW3GBF6LKNNWSWVB_tampered.pdf,0.1,0.3,0.9153148314853242,0.07932011331444759,0.0453257790368272,4.861189801699717,16,77.77903682719547,0.38559012591385855,0.0035952459292667464,0.2859523412764539,0.08468516851467578,0.015314831485324226,0.2153148314853242,0.46491023922830615,0,-3.5342042926756285,12.796325970983457,9.140232836416754,1
7PZU4ANBX7CFDAKIK25A2U6GR5OMGEZX_tampered.pdf,0.0,0.3,0.745103459205802,0.144,0.0,0.264,5,1.32,0.038016,0.0,0.044000000000000004,0.254896540794198,0.254896540794198,0.045103459205802,0.18201599999999998,0,0.5483961459754703,2.5752413519854946,1.9809548861426882,1
7QX6IKZ22UTQYM2ZQVUU64G4ZKYSDE2R_tampered.pdf,0.1,0.1,0.7302963221313515,0.14473684210526316,0.013157894736842105,0.06578947368421052,4,0.2631578947368421,0.009522160664819944,0.001904432132963989,0.013157894736842105,0.26970367786864846,0.16970367786864846,0.16970367786864846,0.15425900277008311,0,0.6822505114648153,2.07682444514576,1.7306870376214665,1
7RVVK7WHY6HBTX3RU6AVLEEPLNLNQQDZ_tampered.pdf,0.0,0.3,0.0,1.0,0.0,0.0,1,0.0,0.0,0.0,0.0,1.0,1.0,0.7,1.0,0,0.0,6.8500000000000005,5.269230769230769,1
7VDYUYI25N4D4JRD7SKH4HJVX7GYRRFJ_tampered.pdf,0.1,0.3,0.923575297696799,0.045454545454545456,0.045454545454545456,0.38636363636363635,3,1.1590909090909092,0.01756198347107438,0.002066115702479339,0.09659090909090909,0.07642470230320098,0.02357529769679903,0.223575297696799,0.06301652892561983,0,0.5667393872230357,1.8163331033938541,1.2973807881384671,1
7YLE2QQTJK2HP5N2PUSAA3IKH662U3Y6_tampered.pdf,0.1,0.1,0.9015572895644578,0.06976744186046512,0.0,0.046511627906976744,4,0.18604651162790697,0.003244997295835587,0.0,0.009302325581395349,0.0984427104355422,0.0015572895644578033,0.0015572895644578033,0.0730124391563007,0,0.8596243923754133,1.0682205052473452,0.8901837543727875,1
7bee00906c1ce0a45940a9381fe32dd0d79cfd93_tampered.pdf,0.125,0.5,0.8052898753145882,0.17391304347826086,0.008695652173913044,0.0,5,0.0,0.0,0.0015122873345935729,0.0,0.19471012468541182,0.06971012468541182,0.3052898753145882,0.17391304347826086,0,0.8052898753145882,1.997101398670051,1.2289854761046468,1
8a52f87f42831fabd6d3b69de6424fcb606fa6a9_tampered.pdf,0.1,0.3,0.7494172853253126,0.23397435897435898,0.04487179487179487,2.467948717948718,15,37.019230769230774,0.5774367192636424,0.010498849441157133,0.15424679487179488,0.2505827146746874,0.1505827146746874,0.04941728532531259,0.8114110782380013,0,-1.1001061432019013,8.614597812327744,6.153284151662674,1
7ODKVGAYKZTRQVTJRVNSXSEK3QC43I3B_tampered.pdf,0.0125,0.3,0.08039781342867552,0.9158163265306123,0.11224489795918367,1.3801020408163265,18,24.841836734693878,1.2639199812578092,0.10279571012078301,0.07263694951664876,0.9196021865713244,0.9071021865713245,0.6196021865713244,2.1797363077884215,0,-0.030559372961409825,11.737572084468919,8.942912064357271,1
9a88dbee11432f3b74011df8eeab1943959dbb20_tampered.pdf,0.075,0.3,0.6177167901221133,0.25354609929078015,0.02127659574468085,1.375886524822695,15,20.638297872340424,0.3488506614355415,0.005394597857250641,0.08599290780141844,0.38228320987788666,0.30728320987788665,0.08228320987788668,0.6023967607263216,0,-0.23219141756363124,6.975327635939853,5.0729655534108025,1
9e6045a3ee13c27de6bd14c7fe85cef8f7a28fbf_tampered.pdf,0.1,0.3,0.7309814718912601,0.25396825396825395,0.06984126984126984,2.546031746031746,15,38.19047619047619,0.6466112370874275,0.017737465356512976,0.15912698412698412,0.26901852810873994,0.16901852810873993,0.03098147189126005,0.9005794910556815,0,-1.1301205613049004,8.904292352017881,6.3602088228699145,1
6S4BF3BBWSDF2EUWMDVBVAAUUCVOCTVP_tampered.pdf,0.1,0.1,0.4210120254281492,0.30323393532129356,0.123897522049559,3.9112417751644966,71,277.69816603667925,1.1860212354761723,0.03756993318764452,0.05432280243284023,0.5789879745718508,0.4789879745718508,0.4789879745718508,1.489255170797466,1,-1.2256677962730451,21.77186055727989,18.14321713106657,1
9c4d24605c30d02dcb31fb1cdaa442201d5f00bd_tampered.pdf,0.075,0.3,0.6721262052366881,0.3208868144690782,0.009334889148191364,6.85997666277713,48,329.27887981330224,2.201276058650771,0.002995442842185094,0.13999952373014551,0.3278737947633119,0.2528737947633119,0.02787379476331192,2.522162873119849,1,-3.9386438771279435,22.799104771884146,16.581167106824832,1
0a29925ccc5e6299e132a73325956a3abef6dd26.pdf,0.075,0.5,0.8975590236094438,0.10204081632653061,0.04081632653061224,0.061224489795918366,3,0.18367346938775508,0.006247396917950854,0.004164931278633903,0.015306122448979591,0.10244097639055616,0.027440976390556163,0.39755902360944384,0.10828821324448147,0,0.842606430327233,1.532377951180472,0.9729383817018871,0
1dcf57a5007b56254583423ba31107d22459bccf.pdf,0.1375,0.3,0.8240694327818542,0.175,0.0125,1.2625,13,16.412499999999998,0.22093749999999998,0.0021874999999999998,0.09017857142857143,0.17593056721814582,0.038430567218145806,0.12406943278185417,0.3959375,0,-0.21631822610523668,5.464826418045364,3.801618377770688,0
0e21835a42a6df2405496f62647058ff855743c1.pdf,0.15,0.7,0.7120729980942248,0.2793522267206478,0.0,1.6153846153846154,11,17.76923076923077,0.45126128931796955,0.0,0.1346153846153846,0.28792700190577525,0.13792700190577525,0.4120729980942247,0.7306135160386173,0,-0.43819876805798447,6.773967302335288,3.661603947208264,0
3OHZBJVNLM4IAL6GLY3AKUQIVCNLPJLO_tampered.pdf,0.0,0.5,0.19958536810007743,0.7377049180327869,0.0,1.4473067915690867,20,28.946135831381735,1.0676853380427689,0.0,0.06891937102709937,0.8004146318999226,0.8004146318999226,0.30041463189992257,1.805390256075556,0,-0.08927589064898078,10.840741721769792,7.227161147846528,1
6fb1b50dc88bf6c0bb775bf32a6b678b4a558c69_tampered.pdf,0.275,0.3,0.6146178333768808,0.37188208616780044,0.04081632653061224,2.7913832199546484,15,41.87074829931973,1.0380654151305269,0.01517886065991022,0.17446145124716553,0.3853821666231192,0.11038216662311917,0.0853821666231192,1.4099475012983274,0,-1.1010160733962264,9.845415894928754,6.251057711065876,1
